occurred_at,actor_user_id,actor_label,entity_type,entity_id,action,before,after,reason,academic_year_id,ip,school_id,id,created_at,updated_at
2026-09-21 13:42:26.436696+05:30,399,Office Administrator,salary_structure,31,create,,"{""employee_id"": 45, ""monthly_gross"": ""42000.00"", ""effective_from"": ""2026-04-01""}",,,,36,1385,2026-09-21 13:42:20.897635+05:30,2026-09-21 13:42:20.897635+05:30
2026-09-21 13:42:26.449242+05:30,399,Office Administrator,salary_structure,32,create,,"{""employee_id"": 46, ""monthly_gross"": ""42000.00"", ""effective_from"": ""2026-04-01""}",,,,36,1386,2026-09-21 13:42:20.897635+05:30,2026-09-21 13:42:20.897635+05:30
2026-09-21 13:42:26.455463+05:30,399,Office Administrator,salary_structure,33,create,,"{""employee_id"": 47, ""monthly_gross"": ""32000.00"", ""effective_from"": ""2026-04-01""}",,,,36,1387,2026-09-21 13:42:20.897635+05:30,2026-09-21 13:42:20.897635+05:30
2026-09-21 13:42:26.463020+05:30,399,Office Administrator,salary_structure,34,create,,"{""employee_id"": 48, ""monthly_gross"": ""42000.00"", ""effective_from"": ""2026-04-01""}",,,,36,1388,2026-09-21 13:42:20.897635+05:30,2026-09-21 13:42:20.897635+05:30
2026-09-21 13:42:26.468636+05:30,399,Office Administrator,salary_structure,35,create,,"{""employee_id"": 49, ""monthly_gross"": ""32000.00"", ""effective_from"": ""2026-04-01""}",,,,36,1389,2026-09-21 13:42:20.897635+05:30,2026-09-21 13:42:20.897635+05:30
2026-09-21 13:42:26.475761+05:30,399,Office Administrator,salary_structure,36,create,,"{""employee_id"": 50, ""monthly_gross"": ""32000.00"", ""effective_from"": ""2026-04-01""}",,,,36,1390,2026-09-21 13:42:20.897635+05:30,2026-09-21 13:42:20.897635+05:30
2026-09-21 13:42:26.481467+05:30,399,Office Administrator,salary_structure,37,create,,"{""employee_id"": 51, ""monthly_gross"": ""42000.00"", ""effective_from"": ""2026-04-01""}",,,,36,1391,2026-09-21 13:42:20.897635+05:30,2026-09-21 13:42:20.897635+05:30
2026-09-21 13:42:26.486296+05:30,399,Office Administrator,salary_structure,38,create,,"{""employee_id"": 52, ""monthly_gross"": ""32000.00"", ""effective_from"": ""2026-04-01""}",,,,36,1392,2026-09-21 13:42:20.897635+05:30,2026-09-21 13:42:20.897635+05:30
2026-09-21 13:42:26.491631+05:30,399,Office Administrator,salary_structure,39,create,,"{""employee_id"": 53, ""monthly_gross"": ""32000.00"", ""effective_from"": ""2026-04-01""}",,,,36,1393,2026-09-21 13:42:20.897635+05:30,2026-09-21 13:42:20.897635+05:30
2026-09-21 13:42:26.497060+05:30,399,Office Administrator,salary_structure,40,create,,"{""employee_id"": 54, ""monthly_gross"": ""32000.00"", ""effective_from"": ""2026-04-01""}",,,,36,1394,2026-09-21 13:42:20.897635+05:30,2026-09-21 13:42:20.897635+05:30
2026-09-21 13:42:26.501564+05:30,399,Office Administrator,salary_structure,41,create,,"{""employee_id"": 55, ""monthly_gross"": ""19500.00"", ""effective_from"": ""2026-04-01""}",,,,36,1395,2026-09-21 13:42:20.897635+05:30,2026-09-21 13:42:20.897635+05:30
2026-09-21 13:42:26.505717+05:30,399,Office Administrator,salary_structure,42,create,,"{""employee_id"": 56, ""monthly_gross"": ""32000.00"", ""effective_from"": ""2026-04-01""}",,,,36,1396,2026-09-21 13:42:20.897635+05:30,2026-09-21 13:42:20.897635+05:30
2026-09-21 13:43:18.937725+05:30,399,Office Administrator,salary_structure,43,create,,"{""employee_id"": 57, ""monthly_gross"": ""28000.00"", ""effective_from"": ""2026-04-01""}",,,,36,1397,2026-09-21 13:42:20.897635+05:30,2026-09-21 13:42:20.897635+05:30
2026-09-21 13:43:19.206119+05:30,399,Office Administrator,document,272,create,,"{""file_name"": ""driving_licence-58.pdf"", ""owner"": ""employee:58""}",,,,36,1398,2026-09-21 13:42:20.897635+05:30,2026-09-21 13:42:20.897635+05:30
2026-09-21 13:43:19.211707+05:30,399,Office Administrator,document,273,create,,"{""file_name"": ""police_verification-58.pdf"", ""owner"": ""employee:58""}",,,,36,1399,2026-09-21 13:42:20.897635+05:30,2026-09-21 13:42:20.897635+05:30
2026-09-21 13:43:19.214755+05:30,399,Office Administrator,salary_structure,44,create,,"{""employee_id"": 58, ""monthly_gross"": ""16000.00"", ""effective_from"": ""2026-04-01""}",,,,36,1400,2026-09-21 13:42:20.897635+05:30,2026-09-21 13:42:20.897635+05:30
2026-09-21 13:43:19.467025+05:30,399,Office Administrator,document,274,create,,"{""file_name"": ""driving_licence-59.pdf"", ""owner"": ""employee:59""}",,,,36,1401,2026-09-21 13:42:20.897635+05:30,2026-09-21 13:42:20.897635+05:30
2026-09-21 13:43:19.472281+05:30,399,Office Administrator,document,275,create,,"{""file_name"": ""police_verification-59.pdf"", ""owner"": ""employee:59""}",,,,36,1402,2026-09-21 13:42:20.897635+05:30,2026-09-21 13:42:20.897635+05:30
2026-09-21 13:43:19.477851+05:30,399,Office Administrator,salary_structure,45,create,,"{""employee_id"": 59, ""monthly_gross"": ""16000.00"", ""effective_from"": ""2026-04-01""}",,,,36,1403,2026-09-21 13:42:20.897635+05:30,2026-09-21 13:42:20.897635+05:30
2026-09-21 13:43:19.723244+05:30,399,Office Administrator,document,276,create,,"{""file_name"": ""police_verification-60.pdf"", ""owner"": ""employee:60""}",,,,36,1404,2026-09-21 13:42:20.897635+05:30,2026-09-21 13:42:20.897635+05:30
2026-09-21 13:43:19.728143+05:30,399,Office Administrator,salary_structure,46,create,,"{""employee_id"": 60, ""monthly_gross"": ""11000.00"", ""effective_from"": ""2026-04-01""}",,,,36,1405,2026-09-21 13:42:20.897635+05:30,2026-09-21 13:42:20.897635+05:30
2026-09-21 13:43:19.736521+05:30,399,Office Administrator,document,277,create,,"{""file_name"": ""vehicle_insurance-36.pdf"", ""owner"": ""vehicle:36""}",,,,36,1406,2026-09-21 13:42:20.897635+05:30,2026-09-21 13:42:20.897635+05:30
2026-09-21 13:43:19.742027+05:30,399,Office Administrator,document,278,create,,"{""file_name"": ""vehicle_fitness-36.pdf"", ""owner"": ""vehicle:36""}",,,,36,1407,2026-09-21 13:42:20.897635+05:30,2026-09-21 13:42:20.897635+05:30
2026-09-21 13:43:19.746696+05:30,399,Office Administrator,document,279,create,,"{""file_name"": ""vehicle_permit-36.pdf"", ""owner"": ""vehicle:36""}",,,,36,1408,2026-09-21 13:42:20.897635+05:30,2026-09-21 13:42:20.897635+05:30
2026-09-21 13:43:19.751454+05:30,399,Office Administrator,document,280,create,,"{""file_name"": ""vehicle_puc-36.pdf"", ""owner"": ""vehicle:36""}",,,,36,1409,2026-09-21 13:42:20.897635+05:30,2026-09-21 13:42:20.897635+05:30
2026-09-21 13:43:19.757411+05:30,399,Office Administrator,document,281,create,,"{""file_name"": ""vehicle_insurance-37.pdf"", ""owner"": ""vehicle:37""}",,,,36,1410,2026-09-21 13:42:20.897635+05:30,2026-09-21 13:42:20.897635+05:30
2026-09-21 13:43:19.762298+05:30,399,Office Administrator,document,282,create,,"{""file_name"": ""vehicle_fitness-37.pdf"", ""owner"": ""vehicle:37""}",,,,36,1411,2026-09-21 13:42:20.897635+05:30,2026-09-21 13:42:20.897635+05:30
2026-09-21 13:43:19.766419+05:30,399,Office Administrator,document,283,create,,"{""file_name"": ""vehicle_permit-37.pdf"", ""owner"": ""vehicle:37""}",,,,36,1412,2026-09-21 13:42:20.897635+05:30,2026-09-21 13:42:20.897635+05:30
2026-09-21 13:43:19.770314+05:30,399,Office Administrator,document,284,create,,"{""file_name"": ""vehicle_puc-37.pdf"", ""owner"": ""vehicle:37""}",,,,36,1413,2026-09-21 13:42:20.897635+05:30,2026-09-21 13:42:20.897635+05:30
2026-09-21 13:43:19.802625+05:30,399,Office Administrator,route,35,update,,"{""stops"": 4}",,,,36,1414,2026-09-21 13:42:20.897635+05:30,2026-09-21 13:42:20.897635+05:30
2026-09-21 13:43:19.817868+05:30,399,Office Administrator,route,35,status_change,"{""status"": ""planned""}","{""status"": ""active""}",seeded demo route,,,36,1415,2026-09-21 13:42:20.897635+05:30,2026-09-21 13:42:20.897635+05:30
2026-09-21 13:43:19.830336+05:30,399,Office Administrator,route,36,update,,"{""stops"": 3}",,,,36,1416,2026-09-21 13:42:20.897635+05:30,2026-09-21 13:42:20.897635+05:30
2026-09-21 13:43:19.839170+05:30,399,Office Administrator,route,36,status_change,"{""status"": ""planned""}","{""status"": ""active""}",seeded demo route,,,36,1417,2026-09-21 13:42:20.897635+05:30,2026-09-21 13:42:20.897635+05:30
2026-09-21 13:43:19.863964+05:30,399,Office Administrator,transport_assignment,68,create,,"{""enrolment_id"": 298, ""route_stop_id"": 65, ""direction"": ""both"", ""start_date"": ""2026-04-01""}",,,,36,1418,2026-09-21 13:42:20.897635+05:30,2026-09-21 13:42:20.897635+05:30
2026-09-21 13:43:19.871240+05:30,399,Office Administrator,transport_assignment,68,status_change,"{""end_date"": null, ""status"": ""requested""}","{""end_date"": """", ""status"": ""active""}",assignment set to active,,,36,1419,2026-09-21 13:42:20.897635+05:30,2026-09-21 13:42:20.897635+05:30
2026-09-21 13:43:19.883158+05:30,399,Office Administrator,transport_assignment,69,create,,"{""enrolment_id"": 302, ""route_stop_id"": 66, ""direction"": ""both"", ""start_date"": ""2026-04-01""}",,,,36,1420,2026-09-21 13:42:20.897635+05:30,2026-09-21 13:42:20.897635+05:30
2026-09-21 13:43:19.889624+05:30,399,Office Administrator,transport_assignment,69,status_change,"{""end_date"": null, ""status"": ""requested""}","{""end_date"": """", ""status"": ""active""}",assignment set to active,,,36,1421,2026-09-21 13:42:20.897635+05:30,2026-09-21 13:42:20.897635+05:30
2026-09-21 13:43:19.900184+05:30,399,Office Administrator,transport_assignment,70,create,,"{""enrolment_id"": 306, ""route_stop_id"": 67, ""direction"": ""both"", ""start_date"": ""2026-04-01""}",,,,36,1422,2026-09-21 13:42:20.897635+05:30,2026-09-21 13:42:20.897635+05:30
2026-09-21 13:43:19.906944+05:30,399,Office Administrator,transport_assignment,70,status_change,"{""end_date"": null, ""status"": ""requested""}","{""end_date"": """", ""status"": ""active""}",assignment set to active,,,36,1423,2026-09-21 13:42:20.897635+05:30,2026-09-21 13:42:20.897635+05:30
2026-09-21 13:43:19.916682+05:30,399,Office Administrator,transport_assignment,71,create,,"{""enrolment_id"": 308, ""route_stop_id"": 68, ""direction"": ""both"", ""start_date"": ""2026-04-01""}",,,,36,1424,2026-09-21 13:42:20.897635+05:30,2026-09-21 13:42:20.897635+05:30
2026-09-21 13:43:19.921716+05:30,399,Office Administrator,transport_assignment,71,status_change,"{""end_date"": null, ""status"": ""requested""}","{""end_date"": """", ""status"": ""active""}",assignment set to active,,,36,1425,2026-09-21 13:42:20.897635+05:30,2026-09-21 13:42:20.897635+05:30
2026-09-21 13:43:19.930324+05:30,399,Office Administrator,transport_assignment,72,create,,"{""enrolment_id"": 312, ""route_stop_id"": 69, ""direction"": ""both"", ""start_date"": ""2026-04-01""}",,,,36,1426,2026-09-21 13:42:20.897635+05:30,2026-09-21 13:42:20.897635+05:30
2026-09-21 13:43:19.933348+05:30,399,Office Administrator,transport_assignment,72,status_change,"{""end_date"": null, ""status"": ""requested""}","{""end_date"": """", ""status"": ""active""}",assignment set to active,,,36,1427,2026-09-21 13:42:20.897635+05:30,2026-09-21 13:42:20.897635+05:30
2026-09-21 13:43:19.940931+05:30,399,Office Administrator,transport_assignment,73,create,,"{""enrolment_id"": 316, ""route_stop_id"": 70, ""direction"": ""both"", ""start_date"": ""2026-04-01""}",,,,36,1428,2026-09-21 13:42:20.897635+05:30,2026-09-21 13:42:20.897635+05:30
2026-09-21 13:43:19.944380+05:30,399,Office Administrator,transport_assignment,73,status_change,"{""end_date"": null, ""status"": ""requested""}","{""end_date"": """", ""status"": ""active""}",assignment set to active,,,36,1429,2026-09-21 13:42:20.897635+05:30,2026-09-21 13:42:20.897635+05:30
2026-09-21 13:43:19.952632+05:30,399,Office Administrator,transport_assignment,74,create,,"{""enrolment_id"": 318, ""route_stop_id"": 71, ""direction"": ""both"", ""start_date"": ""2026-04-01""}",,,,36,1430,2026-09-21 13:42:20.897635+05:30,2026-09-21 13:42:20.897635+05:30
2026-09-21 13:43:19.956269+05:30,399,Office Administrator,transport_assignment,74,status_change,"{""end_date"": null, ""status"": ""requested""}","{""end_date"": """", ""status"": ""active""}",assignment set to active,,,36,1431,2026-09-21 13:42:20.897635+05:30,2026-09-21 13:42:20.897635+05:30
2026-09-21 13:43:19.965863+05:30,399,Office Administrator,transport_assignment,75,create,,"{""enrolment_id"": 322, ""route_stop_id"": 65, ""direction"": ""both"", ""start_date"": ""2026-04-01""}",,,,36,1432,2026-09-21 13:42:20.897635+05:30,2026-09-21 13:42:20.897635+05:30
2026-09-21 13:43:19.970510+05:30,399,Office Administrator,transport_assignment,75,status_change,"{""end_date"": null, ""status"": ""requested""}","{""end_date"": """", ""status"": ""active""}",assignment set to active,,,36,1433,2026-09-21 13:42:20.897635+05:30,2026-09-21 13:42:20.897635+05:30
2026-09-21 13:43:19.980401+05:30,399,Office Administrator,transport_assignment,76,create,,"{""enrolment_id"": 326, ""route_stop_id"": 66, ""direction"": ""both"", ""start_date"": ""2026-04-01""}",,,,36,1434,2026-09-21 13:42:20.897635+05:30,2026-09-21 13:42:20.897635+05:30
2026-09-21 13:43:19.985180+05:30,399,Office Administrator,transport_assignment,76,status_change,"{""end_date"": null, ""status"": ""requested""}","{""end_date"": """", ""status"": ""active""}",assignment set to active,,,36,1435,2026-09-21 13:42:20.897635+05:30,2026-09-21 13:42:20.897635+05:30
2026-09-21 13:43:19.994243+05:30,399,Office Administrator,transport_assignment,77,create,,"{""enrolment_id"": 328, ""route_stop_id"": 67, ""direction"": ""both"", ""start_date"": ""2026-04-01""}",,,,36,1436,2026-09-21 13:42:20.897635+05:30,2026-09-21 13:42:20.897635+05:30
2026-09-21 13:43:19.998274+05:30,399,Office Administrator,transport_assignment,77,status_change,"{""end_date"": null, ""status"": ""requested""}","{""end_date"": """", ""status"": ""active""}",assignment set to active,,,36,1437,2026-09-21 13:42:20.897635+05:30,2026-09-21 13:42:20.897635+05:30
2026-09-21 13:43:20.004992+05:30,399,Office Administrator,transport_assignment,78,create,,"{""enrolment_id"": 332, ""route_stop_id"": 68, ""direction"": ""both"", ""start_date"": ""2026-04-01""}",,,,36,1438,2026-09-21 13:42:20.897635+05:30,2026-09-21 13:42:20.897635+05:30
2026-09-21 13:43:20.010685+05:30,399,Office Administrator,transport_assignment,78,status_change,"{""end_date"": null, ""status"": ""requested""}","{""end_date"": """", ""status"": ""active""}",assignment set to active,,,36,1439,2026-09-21 13:42:20.897635+05:30,2026-09-21 13:42:20.897635+05:30
2026-09-21 13:43:20.016170+05:30,399,Office Administrator,transport_assignment,79,create,,"{""enrolment_id"": 336, ""route_stop_id"": 69, ""direction"": ""both"", ""start_date"": ""2026-04-01""}",,,,36,1440,2026-09-21 13:42:20.897635+05:30,2026-09-21 13:42:20.897635+05:30
2026-09-21 13:43:20.019154+05:30,399,Office Administrator,transport_assignment,79,status_change,"{""end_date"": null, ""status"": ""requested""}","{""end_date"": """", ""status"": ""active""}",assignment set to active,,,36,1441,2026-09-21 13:42:20.897635+05:30,2026-09-21 13:42:20.897635+05:30
2026-09-21 13:43:20.026281+05:30,399,Office Administrator,transport_assignment,80,create,,"{""enrolment_id"": 338, ""route_stop_id"": 70, ""direction"": ""both"", ""start_date"": ""2026-04-01""}",,,,36,1442,2026-09-21 13:42:20.897635+05:30,2026-09-21 13:42:20.897635+05:30
2026-09-21 13:43:20.029360+05:30,399,Office Administrator,transport_assignment,80,status_change,"{""end_date"": null, ""status"": ""requested""}","{""end_date"": """", ""status"": ""active""}",assignment set to active,,,36,1443,2026-09-21 13:42:20.897635+05:30,2026-09-21 13:42:20.897635+05:30
2026-09-21 13:43:20.034775+05:30,399,Office Administrator,transport_assignment,81,create,,"{""enrolment_id"": 342, ""route_stop_id"": 71, ""direction"": ""both"", ""start_date"": ""2026-04-01""}",,,,36,1444,2026-09-21 13:42:20.897635+05:30,2026-09-21 13:42:20.897635+05:30
2026-09-21 13:43:20.038227+05:30,399,Office Administrator,transport_assignment,81,status_change,"{""end_date"": null, ""status"": ""requested""}","{""end_date"": """", ""status"": ""active""}",assignment set to active,,,36,1445,2026-09-21 13:42:20.897635+05:30,2026-09-21 13:42:20.897635+05:30
2026-09-21 13:43:20.047087+05:30,399,Office Administrator,transport_assignment,82,create,,"{""enrolment_id"": 346, ""route_stop_id"": 65, ""direction"": ""both"", ""start_date"": ""2026-04-01""}",,,,36,1446,2026-09-21 13:42:20.897635+05:30,2026-09-21 13:42:20.897635+05:30
2026-09-21 13:43:20.051433+05:30,399,Office Administrator,transport_assignment,82,status_change,"{""end_date"": null, ""status"": ""requested""}","{""end_date"": """", ""status"": ""active""}",assignment set to active,,,36,1447,2026-09-21 13:42:20.897635+05:30,2026-09-21 13:42:20.897635+05:30
2026-09-21 13:43:20.060211+05:30,399,Office Administrator,transport_assignment,83,create,,"{""enrolment_id"": 348, ""route_stop_id"": 66, ""direction"": ""both"", ""start_date"": ""2026-04-01""}",,,,36,1448,2026-09-21 13:42:20.897635+05:30,2026-09-21 13:42:20.897635+05:30
2026-09-21 13:43:20.064174+05:30,399,Office Administrator,transport_assignment,83,status_change,"{""end_date"": null, ""status"": ""requested""}","{""end_date"": """", ""status"": ""active""}",assignment set to active,,,36,1449,2026-09-21 13:42:20.897635+05:30,2026-09-21 13:42:20.897635+05:30
2026-09-21 13:43:20.070639+05:30,399,Office Administrator,transport_assignment,84,create,,"{""enrolment_id"": 352, ""route_stop_id"": 67, ""direction"": ""both"", ""start_date"": ""2026-04-01""}",,,,36,1450,2026-09-21 13:42:20.897635+05:30,2026-09-21 13:42:20.897635+05:30
2026-09-21 13:43:20.076381+05:30,399,Office Administrator,transport_assignment,84,status_change,"{""end_date"": null, ""status"": ""requested""}","{""end_date"": """", ""status"": ""active""}",assignment set to active,,,36,1451,2026-09-21 13:42:20.897635+05:30,2026-09-21 13:42:20.897635+05:30
2026-09-21 13:43:20.082816+05:30,399,Office Administrator,transport_assignment,85,create,,"{""enrolment_id"": 356, ""route_stop_id"": 68, ""direction"": ""both"", ""start_date"": ""2026-04-01""}",,,,36,1452,2026-09-21 13:42:20.897635+05:30,2026-09-21 13:42:20.897635+05:30
2026-09-21 13:43:20.086552+05:30,399,Office Administrator,transport_assignment,85,status_change,"{""end_date"": null, ""status"": ""requested""}","{""end_date"": """", ""status"": ""active""}",assignment set to active,,,36,1453,2026-09-21 13:42:20.897635+05:30,2026-09-21 13:42:20.897635+05:30
2026-09-21 13:43:20.093972+05:30,399,Office Administrator,transport_assignment,86,create,,"{""enrolment_id"": 358, ""route_stop_id"": 69, ""direction"": ""both"", ""start_date"": ""2026-04-01""}",,,,36,1454,2026-09-21 13:42:20.897635+05:30,2026-09-21 13:42:20.897635+05:30
2026-09-21 13:43:20.096943+05:30,399,Office Administrator,transport_assignment,86,status_change,"{""end_date"": null, ""status"": ""requested""}","{""end_date"": """", ""status"": ""active""}",assignment set to active,,,36,1455,2026-09-21 13:42:20.897635+05:30,2026-09-21 13:42:20.897635+05:30
2026-09-21 13:43:20.102188+05:30,399,Office Administrator,transport_assignment,87,create,,"{""enrolment_id"": 362, ""route_stop_id"": 70, ""direction"": ""both"", ""start_date"": ""2026-04-01""}",,,,36,1456,2026-09-21 13:42:20.897635+05:30,2026-09-21 13:42:20.897635+05:30
2026-09-21 13:43:20.106517+05:30,399,Office Administrator,transport_assignment,87,status_change,"{""end_date"": null, ""status"": ""requested""}","{""end_date"": """", ""status"": ""active""}",assignment set to active,,,36,1457,2026-09-21 13:42:20.897635+05:30,2026-09-21 13:42:20.897635+05:30
2026-09-21 13:43:20.112992+05:30,399,Office Administrator,transport_assignment,88,create,,"{""enrolment_id"": 366, ""route_stop_id"": 71, ""direction"": ""both"", ""start_date"": ""2026-04-01""}",,,,36,1458,2026-09-21 13:42:20.897635+05:30,2026-09-21 13:42:20.897635+05:30
2026-09-21 13:43:20.115807+05:30,399,Office Administrator,transport_assignment,88,status_change,"{""end_date"": null, ""status"": ""requested""}","{""end_date"": """", ""status"": ""active""}",assignment set to active,,,36,1459,2026-09-21 13:42:20.897635+05:30,2026-09-21 13:42:20.897635+05:30
2026-09-21 13:43:20.123900+05:30,399,Office Administrator,transport_assignment,89,create,,"{""enrolment_id"": 368, ""route_stop_id"": 65, ""direction"": ""both"", ""start_date"": ""2026-04-01""}",,,,36,1460,2026-09-21 13:42:20.897635+05:30,2026-09-21 13:42:20.897635+05:30
2026-09-21 13:43:20.128405+05:30,399,Office Administrator,transport_assignment,89,status_change,"{""end_date"": null, ""status"": ""requested""}","{""end_date"": """", ""status"": ""active""}",assignment set to active,,,36,1461,2026-09-21 13:42:20.897635+05:30,2026-09-21 13:42:20.897635+05:30
2026-09-21 13:43:20.134777+05:30,399,Office Administrator,transport_assignment,90,create,,"{""enrolment_id"": 372, ""route_stop_id"": 66, ""direction"": ""both"", ""start_date"": ""2026-04-01""}",,,,36,1462,2026-09-21 13:42:20.897635+05:30,2026-09-21 13:42:20.897635+05:30
2026-09-21 13:43:20.140153+05:30,399,Office Administrator,transport_assignment,90,status_change,"{""end_date"": null, ""status"": ""requested""}","{""end_date"": """", ""status"": ""active""}",assignment set to active,,,36,1463,2026-09-21 13:42:20.897635+05:30,2026-09-21 13:42:20.897635+05:30
2026-09-21 13:43:20.147452+05:30,399,Office Administrator,transport_assignment,91,create,,"{""enrolment_id"": 376, ""route_stop_id"": 67, ""direction"": ""both"", ""start_date"": ""2026-04-01""}",,,,36,1464,2026-09-21 13:42:20.897635+05:30,2026-09-21 13:42:20.897635+05:30
2026-09-21 13:43:20.153322+05:30,399,Office Administrator,transport_assignment,91,status_change,"{""end_date"": null, ""status"": ""requested""}","{""end_date"": """", ""status"": ""active""}",assignment set to active,,,36,1465,2026-09-21 13:42:20.897635+05:30,2026-09-21 13:42:20.897635+05:30
2026-09-21 13:43:20.162032+05:30,399,Office Administrator,transport_assignment,92,create,,"{""enrolment_id"": 378, ""route_stop_id"": 68, ""direction"": ""both"", ""start_date"": ""2026-04-01""}",,,,36,1466,2026-09-21 13:42:20.897635+05:30,2026-09-21 13:42:20.897635+05:30
2026-09-21 13:43:20.165811+05:30,399,Office Administrator,transport_assignment,92,status_change,"{""end_date"": null, ""status"": ""requested""}","{""end_date"": """", ""status"": ""active""}",assignment set to active,,,36,1467,2026-09-21 13:42:20.897635+05:30,2026-09-21 13:42:20.897635+05:30
2026-09-21 13:43:20.173249+05:30,399,Office Administrator,transport_assignment,93,create,,"{""enrolment_id"": 382, ""route_stop_id"": 69, ""direction"": ""both"", ""start_date"": ""2026-04-01""}",,,,36,1468,2026-09-21 13:42:20.897635+05:30,2026-09-21 13:42:20.897635+05:30
2026-09-21 13:43:20.177049+05:30,399,Office Administrator,transport_assignment,93,status_change,"{""end_date"": null, ""status"": ""requested""}","{""end_date"": """", ""status"": ""active""}",assignment set to active,,,36,1469,2026-09-21 13:42:20.897635+05:30,2026-09-21 13:42:20.897635+05:30
2026-09-21 13:43:20.183522+05:30,399,Office Administrator,transport_assignment,94,create,,"{""enrolment_id"": 386, ""route_stop_id"": 70, ""direction"": ""both"", ""start_date"": ""2026-04-01""}",,,,36,1470,2026-09-21 13:42:20.897635+05:30,2026-09-21 13:42:20.897635+05:30
2026-09-21 13:43:20.186792+05:30,399,Office Administrator,transport_assignment,94,status_change,"{""end_date"": null, ""status"": ""requested""}","{""end_date"": """", ""status"": ""active""}",assignment set to active,,,36,1471,2026-09-21 13:42:20.897635+05:30,2026-09-21 13:42:20.897635+05:30
2026-09-21 13:43:20.194158+05:30,399,Office Administrator,transport_assignment,95,create,,"{""enrolment_id"": 388, ""route_stop_id"": 71, ""direction"": ""both"", ""start_date"": ""2026-04-01""}",,,,36,1472,2026-09-21 13:42:20.897635+05:30,2026-09-21 13:42:20.897635+05:30
2026-09-21 13:43:20.197205+05:30,399,Office Administrator,transport_assignment,95,status_change,"{""end_date"": null, ""status"": ""requested""}","{""end_date"": """", ""status"": ""active""}",assignment set to active,,,36,1473,2026-09-21 13:42:20.897635+05:30,2026-09-21 13:42:20.897635+05:30
2026-09-21 13:43:20.204238+05:30,399,Office Administrator,transport_assignment,96,create,,"{""enrolment_id"": 392, ""route_stop_id"": 65, ""direction"": ""both"", ""start_date"": ""2026-04-01""}",,,,36,1474,2026-09-21 13:42:20.897635+05:30,2026-09-21 13:42:20.897635+05:30
2026-09-21 13:43:20.209747+05:30,399,Office Administrator,transport_assignment,96,status_change,"{""end_date"": null, ""status"": ""requested""}","{""end_date"": """", ""status"": ""active""}",assignment set to active,,,36,1475,2026-09-21 13:42:20.897635+05:30,2026-09-21 13:42:20.897635+05:30
2026-09-21 13:43:20.216282+05:30,399,Office Administrator,transport_assignment,97,create,,"{""enrolment_id"": 396, ""route_stop_id"": 66, ""direction"": ""both"", ""start_date"": ""2026-04-01""}",,,,36,1476,2026-09-21 13:42:20.897635+05:30,2026-09-21 13:42:20.897635+05:30
2026-09-21 13:43:20.220312+05:30,399,Office Administrator,transport_assignment,97,status_change,"{""end_date"": null, ""status"": ""requested""}","{""end_date"": """", ""status"": ""active""}",assignment set to active,,,36,1477,2026-09-21 13:42:20.897635+05:30,2026-09-21 13:42:20.897635+05:30
2026-09-21 13:43:22.256860+05:30,,system,fee_payment,207,create,,"{""receipt_no"": ""SPS/RCP/2026/000001"", ""amount"": ""3600.00"", ""method"": ""cash""}",,,,36,1478,2026-09-21 13:43:22.177303+05:30,2026-09-21 13:43:22.177303+05:30
2026-09-21 13:43:22.290635+05:30,,system,fee_payment,208,create,,"{""receipt_no"": ""SPS/RCP/2026/000002"", ""amount"": ""5400.00"", ""method"": ""cash""}",,,,36,1479,2026-09-21 13:43:22.259178+05:30,2026-09-21 13:43:22.259178+05:30
2026-09-21 13:43:22.345043+05:30,,system,fee_payment,209,create,,"{""receipt_no"": ""SPS/RCP/2026/000003"", ""amount"": ""2520.00"", ""method"": ""cash""}",,,,36,1480,2026-09-21 13:43:22.293263+05:30,2026-09-21 13:43:22.293263+05:30
2026-09-21 13:43:22.377035+05:30,,system,fee_payment,210,create,,"{""receipt_no"": ""SPS/RCP/2026/000004"", ""amount"": ""3780.00"", ""method"": ""cash""}",,,,36,1481,2026-09-21 13:43:22.347259+05:30,2026-09-21 13:43:22.347259+05:30
2026-09-21 13:43:22.405819+05:30,,system,fee_payment,211,create,,"{""receipt_no"": ""SPS/RCP/2026/000005"", ""amount"": ""1890.00"", ""method"": ""upi""}",,,,36,1482,2026-09-21 13:43:22.379216+05:30,2026-09-21 13:43:22.379216+05:30
2026-09-21 13:43:22.450909+05:30,,system,fee_payment,212,create,,"{""receipt_no"": ""SPS/RCP/2026/000006"", ""amount"": ""2520.00"", ""method"": ""cash""}",,,,36,1483,2026-09-21 13:43:22.408397+05:30,2026-09-21 13:43:22.408397+05:30
2026-09-21 13:43:22.479177+05:30,,system,fee_payment,213,create,,"{""receipt_no"": ""SPS/RCP/2026/000007"", ""amount"": ""3780.00"", ""method"": ""cash""}",,,,36,1484,2026-09-21 13:43:22.454164+05:30,2026-09-21 13:43:22.454164+05:30
2026-09-21 13:43:22.521031+05:30,,system,fee_payment,214,create,,"{""receipt_no"": ""SPS/RCP/2026/000008"", ""amount"": ""3600.00"", ""method"": ""cash""}",,,,36,1485,2026-09-21 13:43:22.481359+05:30,2026-09-21 13:43:22.481359+05:30
2026-09-21 13:43:22.546292+05:30,,system,fee_payment,215,create,,"{""receipt_no"": ""SPS/RCP/2026/000009"", ""amount"": ""5400.00"", ""method"": ""cash""}",,,,36,1486,2026-09-21 13:43:22.523871+05:30,2026-09-21 13:43:22.523871+05:30
2026-09-21 13:43:22.568682+05:30,,system,fee_payment,216,create,,"{""receipt_no"": ""SPS/RCP/2026/000010"", ""amount"": ""2700.00"", ""method"": ""upi""}",,,,36,1487,2026-09-21 13:43:22.548628+05:30,2026-09-21 13:43:22.548628+05:30
2026-09-21 13:43:22.609214+05:30,,system,fee_payment,217,create,,"{""receipt_no"": ""SPS/RCP/2026/000011"", ""amount"": ""2800.00"", ""method"": ""cash""}",,,,36,1488,2026-09-21 13:43:22.572473+05:30,2026-09-21 13:43:22.572473+05:30
2026-09-21 13:43:22.634780+05:30,,system,fee_payment,218,create,,"{""receipt_no"": ""SPS/RCP/2026/000012"", ""amount"": ""4200.00"", ""method"": ""cash""}",,,,36,1489,2026-09-21 13:43:22.612112+05:30,2026-09-21 13:43:22.612112+05:30
2026-09-21 13:43:22.673453+05:30,,system,fee_payment,219,create,,"{""receipt_no"": ""SPS/RCP/2026/000013"", ""amount"": ""2800.00"", ""method"": ""cash""}",,,,36,1490,2026-09-21 13:43:22.637748+05:30,2026-09-21 13:43:22.637748+05:30
2026-09-21 13:43:22.697191+05:30,,system,fee_payment,220,create,,"{""receipt_no"": ""SPS/RCP/2026/000014"", ""amount"": ""4200.00"", ""method"": ""cash""}",,,,36,1491,2026-09-21 13:43:22.675336+05:30,2026-09-21 13:43:22.675336+05:30
2026-09-21 13:43:22.719099+05:30,,system,fee_payment,221,create,,"{""receipt_no"": ""SPS/RCP/2026/000015"", ""amount"": ""2100.00"", ""method"": ""upi""}",,,,36,1492,2026-09-21 13:43:22.699001+05:30,2026-09-21 13:43:22.699001+05:30
2026-09-21 13:43:22.756954+05:30,,system,fee_payment,222,create,,"{""receipt_no"": ""SPS/RCP/2026/000016"", ""amount"": ""2800.00"", ""method"": ""cash""}",,,,36,1493,2026-09-21 13:43:22.722163+05:30,2026-09-21 13:43:22.722163+05:30
2026-09-21 13:43:22.781502+05:30,,system,fee_payment,223,create,,"{""receipt_no"": ""SPS/RCP/2026/000017"", ""amount"": ""4200.00"", ""method"": ""cash""}",,,,36,1494,2026-09-21 13:43:22.759120+05:30,2026-09-21 13:43:22.759120+05:30
2026-09-21 13:43:22.817350+05:30,,system,fee_payment,224,create,,"{""receipt_no"": ""SPS/RCP/2026/000018"", ""amount"": ""4140.00"", ""method"": ""cash""}",,,,36,1495,2026-09-21 13:43:22.783368+05:30,2026-09-21 13:43:22.783368+05:30
2026-09-21 13:43:22.851499+05:30,,system,fee_payment,225,create,,"{""receipt_no"": ""SPS/RCP/2026/000019"", ""amount"": ""6210.00"", ""method"": ""cash""}",,,,36,1496,2026-09-21 13:43:22.820077+05:30,2026-09-21 13:43:22.820077+05:30
2026-09-21 13:43:22.914609+05:30,,system,fee_payment,226,create,,"{""receipt_no"": ""SPS/RCP/2026/000020"", ""amount"": ""2640.00"", ""method"": ""cash""}",,,,36,1497,2026-09-21 13:43:22.854552+05:30,2026-09-21 13:43:22.854552+05:30
2026-09-21 13:43:22.952055+05:30,,system,fee_payment,227,create,,"{""receipt_no"": ""SPS/RCP/2026/000021"", ""amount"": ""3960.00"", ""method"": ""cash""}",,,,36,1498,2026-09-21 13:43:22.917796+05:30,2026-09-21 13:43:22.917796+05:30
2026-09-21 13:43:22.981552+05:30,,system,fee_payment,228,create,,"{""receipt_no"": ""SPS/RCP/2026/000022"", ""amount"": ""1980.00"", ""method"": ""upi""}",,,,36,1499,2026-09-21 13:43:22.955376+05:30,2026-09-21 13:43:22.955376+05:30
2026-09-21 13:43:23.023010+05:30,,system,fee_payment,229,create,,"{""receipt_no"": ""SPS/RCP/2026/000023"", ""amount"": ""2640.00"", ""method"": ""cash""}",,,,36,1500,2026-09-21 13:43:22.984592+05:30,2026-09-21 13:43:22.984592+05:30
2026-09-21 13:43:23.048128+05:30,,system,fee_payment,230,create,,"{""receipt_no"": ""SPS/RCP/2026/000024"", ""amount"": ""3960.00"", ""method"": ""cash""}",,,,36,1501,2026-09-21 13:43:23.025520+05:30,2026-09-21 13:43:23.025520+05:30
2026-09-21 13:43:23.086610+05:30,,system,fee_payment,231,create,,"{""receipt_no"": ""SPS/RCP/2026/000025"", ""amount"": ""3740.00"", ""method"": ""cash""}",,,,36,1502,2026-09-21 13:43:23.050046+05:30,2026-09-21 13:43:23.050046+05:30
2026-09-21 13:43:23.112510+05:30,,system,fee_payment,232,create,,"{""receipt_no"": ""SPS/RCP/2026/000026"", ""amount"": ""5610.00"", ""method"": ""cash""}",,,,36,1503,2026-09-21 13:43:23.089814+05:30,2026-09-21 13:43:23.089814+05:30
2026-09-21 13:43:23.133892+05:30,,system,fee_payment,233,create,,"{""receipt_no"": ""SPS/RCP/2026/000027"", ""amount"": ""2805.00"", ""method"": ""upi""}",,,,36,1504,2026-09-21 13:43:23.114443+05:30,2026-09-21 13:43:23.114443+05:30
2026-09-21 13:43:23.169088+05:30,,system,fee_payment,234,create,,"{""receipt_no"": ""SPS/RCP/2026/000028"", ""amount"": ""2640.00"", ""method"": ""cash""}",,,,36,1505,2026-09-21 13:43:23.136514+05:30,2026-09-21 13:43:23.136514+05:30
2026-09-21 13:43:23.196415+05:30,,system,fee_payment,235,create,,"{""receipt_no"": ""SPS/RCP/2026/000029"", ""amount"": ""3960.00"", ""method"": ""cash""}",,,,36,1506,2026-09-21 13:43:23.172033+05:30,2026-09-21 13:43:23.172033+05:30
2026-09-21 13:43:23.238049+05:30,,system,fee_payment,236,create,,"{""receipt_no"": ""SPS/RCP/2026/000030"", ""amount"": ""2640.00"", ""method"": ""cash""}",,,,36,1507,2026-09-21 13:43:23.199052+05:30,2026-09-21 13:43:23.199052+05:30
2026-09-21 13:43:23.262655+05:30,,system,fee_payment,237,create,,"{""receipt_no"": ""SPS/RCP/2026/000031"", ""amount"": ""3960.00"", ""method"": ""cash""}",,,,36,1508,2026-09-21 13:43:23.241091+05:30,2026-09-21 13:43:23.241091+05:30
2026-09-21 13:43:23.283787+05:30,,system,fee_payment,238,create,,"{""receipt_no"": ""SPS/RCP/2026/000032"", ""amount"": ""1980.00"", ""method"": ""upi""}",,,,36,1509,2026-09-21 13:43:23.264464+05:30,2026-09-21 13:43:23.264464+05:30
2026-09-21 13:43:23.318466+05:30,,system,fee_payment,239,create,,"{""receipt_no"": ""SPS/RCP/2026/000033"", ""amount"": ""2640.00"", ""method"": ""cash""}",,,,36,1510,2026-09-21 13:43:23.286429+05:30,2026-09-21 13:43:23.286429+05:30
2026-09-21 13:43:23.343625+05:30,,system,fee_payment,240,create,,"{""receipt_no"": ""SPS/RCP/2026/000034"", ""amount"": ""3960.00"", ""method"": ""cash""}",,,,36,1511,2026-09-21 13:43:23.322830+05:30,2026-09-21 13:43:23.322830+05:30
2026-09-21 13:43:23.379810+05:30,,system,fee_payment,241,create,,"{""receipt_no"": ""SPS/RCP/2026/000035"", ""amount"": ""3980.00"", ""method"": ""cash""}",,,,36,1512,2026-09-21 13:43:23.345827+05:30,2026-09-21 13:43:23.345827+05:30
2026-09-21 13:43:23.403612+05:30,,system,fee_payment,242,create,,"{""receipt_no"": ""SPS/RCP/2026/000036"", ""amount"": ""5970.00"", ""method"": ""cash""}",,,,36,1513,2026-09-21 13:43:23.381659+05:30,2026-09-21 13:43:23.381659+05:30
2026-09-21 13:43:23.444948+05:30,,system,fee_payment,243,create,,"{""receipt_no"": ""SPS/RCP/2026/000037"", ""amount"": ""2480.00"", ""method"": ""cash""}",,,,36,1514,2026-09-21 13:43:23.405891+05:30,2026-09-21 13:43:23.405891+05:30
2026-09-21 13:43:23.474638+05:30,,system,fee_payment,244,create,,"{""receipt_no"": ""SPS/RCP/2026/000038"", ""amount"": ""3720.00"", ""method"": ""cash""}",,,,36,1515,2026-09-21 13:43:23.447041+05:30,2026-09-21 13:43:23.447041+05:30
2026-09-21 13:43:23.496029+05:30,,system,fee_payment,245,create,,"{""receipt_no"": ""SPS/RCP/2026/000039"", ""amount"": ""1860.00"", ""method"": ""upi""}",,,,36,1516,2026-09-21 13:43:23.476431+05:30,2026-09-21 13:43:23.476431+05:30
2026-09-21 13:43:23.533542+05:30,,system,fee_payment,246,create,,"{""receipt_no"": ""SPS/RCP/2026/000040"", ""amount"": ""2480.00"", ""method"": ""cash""}",,,,36,1517,2026-09-21 13:43:23.498156+05:30,2026-09-21 13:43:23.498156+05:30
2026-09-21 13:43:23.559625+05:30,,system,fee_payment,247,create,,"{""receipt_no"": ""SPS/RCP/2026/000041"", ""amount"": ""3720.00"", ""method"": ""cash""}",,,,36,1518,2026-09-21 13:43:23.536336+05:30,2026-09-21 13:43:23.536336+05:30
2026-09-21 13:43:23.596074+05:30,,system,fee_payment,248,create,,"{""receipt_no"": ""SPS/RCP/2026/000042"", ""amount"": ""3280.00"", ""method"": ""cash""}",,,,36,1519,2026-09-21 13:43:23.561473+05:30,2026-09-21 13:43:23.561473+05:30
2026-09-21 13:43:23.624233+05:30,,system,fee_payment,249,create,,"{""receipt_no"": ""SPS/RCP/2026/000043"", ""amount"": ""4920.00"", ""method"": ""cash""}",,,,36,1520,2026-09-21 13:43:23.598397+05:30,2026-09-21 13:43:23.598397+05:30
2026-09-21 13:43:23.644631+05:30,,system,fee_payment,250,create,,"{""receipt_no"": ""SPS/RCP/2026/000044"", ""amount"": ""2460.00"", ""method"": ""upi""}",,,,36,1521,2026-09-21 13:43:23.626136+05:30,2026-09-21 13:43:23.626136+05:30
2026-09-21 13:43:23.682056+05:30,,system,fee_payment,251,create,,"{""receipt_no"": ""SPS/RCP/2026/000045"", ""amount"": ""2480.00"", ""method"": ""cash""}",,,,36,1522,2026-09-21 13:43:23.646554+05:30,2026-09-21 13:43:23.646554+05:30
2026-09-21 13:43:23.708123+05:30,,system,fee_payment,252,create,,"{""receipt_no"": ""SPS/RCP/2026/000046"", ""amount"": ""3720.00"", ""method"": ""cash""}",,,,36,1523,2026-09-21 13:43:23.684804+05:30,2026-09-21 13:43:23.684804+05:30
2026-09-21 13:43:23.746926+05:30,,system,fee_payment,253,create,,"{""receipt_no"": ""SPS/RCP/2026/000047"", ""amount"": ""2480.00"", ""method"": ""cash""}",,,,36,1524,2026-09-21 13:43:23.710313+05:30,2026-09-21 13:43:23.710313+05:30
2026-09-21 13:43:23.771908+05:30,,system,fee_payment,254,create,,"{""receipt_no"": ""SPS/RCP/2026/000048"", ""amount"": ""3720.00"", ""method"": ""cash""}",,,,36,1525,2026-09-21 13:43:23.748878+05:30,2026-09-21 13:43:23.748878+05:30
2026-09-21 13:43:23.794079+05:30,,system,fee_payment,255,create,,"{""receipt_no"": ""SPS/RCP/2026/000049"", ""amount"": ""1860.00"", ""method"": ""upi""}",,,,36,1526,2026-09-21 13:43:23.774358+05:30,2026-09-21 13:43:23.774358+05:30
2026-09-21 13:43:23.830650+05:30,,system,fee_payment,256,create,,"{""receipt_no"": ""SPS/RCP/2026/000050"", ""amount"": ""2480.00"", ""method"": ""cash""}",,,,36,1527,2026-09-21 13:43:23.796257+05:30,2026-09-21 13:43:23.796257+05:30
2026-09-21 13:43:23.856054+05:30,,system,fee_payment,257,create,,"{""receipt_no"": ""SPS/RCP/2026/000051"", ""amount"": ""3720.00"", ""method"": ""cash""}",,,,36,1528,2026-09-21 13:43:23.832438+05:30,2026-09-21 13:43:23.832438+05:30
2026-09-21 13:43:23.894008+05:30,,system,fee_payment,258,create,,"{""receipt_no"": ""SPS/RCP/2026/000052"", ""amount"": ""3420.00"", ""method"": ""cash""}",,,,36,1529,2026-09-21 13:43:23.858884+05:30,2026-09-21 13:43:23.858884+05:30
2026-09-21 13:43:23.919976+05:30,,system,fee_payment,259,create,,"{""receipt_no"": ""SPS/RCP/2026/000053"", ""amount"": ""5130.00"", ""method"": ""cash""}",,,,36,1530,2026-09-21 13:43:23.896114+05:30,2026-09-21 13:43:23.896114+05:30
2026-09-21 13:43:23.956374+05:30,,system,fee_payment,260,create,,"{""receipt_no"": ""SPS/RCP/2026/000054"", ""amount"": ""2320.00"", ""method"": ""cash""}",,,,36,1531,2026-09-21 13:43:23.922786+05:30,2026-09-21 13:43:23.922786+05:30
2026-09-21 13:43:23.980333+05:30,,system,fee_payment,261,create,,"{""receipt_no"": ""SPS/RCP/2026/000055"", ""amount"": ""3480.00"", ""method"": ""cash""}",,,,36,1532,2026-09-21 13:43:23.958523+05:30,2026-09-21 13:43:23.958523+05:30
2026-09-21 13:43:24.005464+05:30,,system,fee_payment,262,create,,"{""receipt_no"": ""SPS/RCP/2026/000056"", ""amount"": ""1740.00"", ""method"": ""upi""}",,,,36,1533,2026-09-21 13:43:23.982679+05:30,2026-09-21 13:43:23.982679+05:30
2026-09-21 13:43:24.042421+05:30,,system,fee_payment,263,create,,"{""receipt_no"": ""SPS/RCP/2026/000057"", ""amount"": ""2320.00"", ""method"": ""cash""}",,,,36,1534,2026-09-21 13:43:24.007717+05:30,2026-09-21 13:43:24.007717+05:30
2026-09-21 13:43:24.069980+05:30,,system,fee_payment,264,create,,"{""receipt_no"": ""SPS/RCP/2026/000058"", ""amount"": ""3480.00"", ""method"": ""cash""}",,,,36,1535,2026-09-21 13:43:24.044607+05:30,2026-09-21 13:43:24.044607+05:30
2026-09-21 13:43:24.110432+05:30,,system,fee_payment,265,create,,"{""receipt_no"": ""SPS/RCP/2026/000059"", ""amount"": ""3820.00"", ""method"": ""cash""}",,,,36,1536,2026-09-21 13:43:24.072615+05:30,2026-09-21 13:43:24.072615+05:30
2026-09-21 13:43:24.134794+05:30,,system,fee_payment,266,create,,"{""receipt_no"": ""SPS/RCP/2026/000060"", ""amount"": ""5730.00"", ""method"": ""cash""}",,,,36,1537,2026-09-21 13:43:24.112636+05:30,2026-09-21 13:43:24.112636+05:30
2026-09-21 13:43:24.157892+05:30,,system,fee_payment,267,create,,"{""receipt_no"": ""SPS/RCP/2026/000061"", ""amount"": ""2865.00"", ""method"": ""upi""}",,,,36,1538,2026-09-21 13:43:24.138009+05:30,2026-09-21 13:43:24.138009+05:30
2026-09-21 13:43:24.194683+05:30,,system,fee_payment,268,create,,"{""receipt_no"": ""SPS/RCP/2026/000062"", ""amount"": ""2320.00"", ""method"": ""cash""}",,,,36,1539,2026-09-21 13:43:24.160038+05:30,2026-09-21 13:43:24.160038+05:30
2026-09-21 13:43:24.220052+05:30,,system,fee_payment,269,create,,"{""receipt_no"": ""SPS/RCP/2026/000063"", ""amount"": ""3480.00"", ""method"": ""cash""}",,,,36,1540,2026-09-21 13:43:24.196601+05:30,2026-09-21 13:43:24.196601+05:30
2026-09-21 13:43:24.257709+05:30,,system,fee_payment,270,create,,"{""receipt_no"": ""SPS/RCP/2026/000064"", ""amount"": ""2320.00"", ""method"": ""cash""}",,,,36,1541,2026-09-21 13:43:24.222241+05:30,2026-09-21 13:43:24.222241+05:30
2026-09-21 13:43:24.282011+05:30,,system,fee_payment,271,create,,"{""receipt_no"": ""SPS/RCP/2026/000065"", ""amount"": ""3480.00"", ""method"": ""cash""}",,,,36,1542,2026-09-21 13:43:24.259819+05:30,2026-09-21 13:43:24.259819+05:30
2026-09-21 13:43:24.306546+05:30,,system,fee_payment,272,create,,"{""receipt_no"": ""SPS/RCP/2026/000066"", ""amount"": ""1740.00"", ""method"": ""upi""}",,,,36,1543,2026-09-21 13:43:24.284433+05:30,2026-09-21 13:43:24.284433+05:30
2026-09-21 13:43:24.344670+05:30,,system,fee_payment,273,create,,"{""receipt_no"": ""SPS/RCP/2026/000067"", ""amount"": ""2320.00"", ""method"": ""cash""}",,,,36,1544,2026-09-21 13:43:24.308866+05:30,2026-09-21 13:43:24.308866+05:30
2026-09-21 13:43:24.370534+05:30,,system,fee_payment,274,create,,"{""receipt_no"": ""SPS/RCP/2026/000068"", ""amount"": ""3480.00"", ""method"": ""cash""}",,,,36,1545,2026-09-21 13:43:24.346995+05:30,2026-09-21 13:43:24.346995+05:30
2026-09-21 13:43:24.408938+05:30,,system,fee_payment,275,create,,"{""receipt_no"": ""SPS/RCP/2026/000069"", ""amount"": ""3260.00"", ""method"": ""cash""}",,,,36,1546,2026-09-21 13:43:24.372917+05:30,2026-09-21 13:43:24.372917+05:30
2026-09-21 13:43:24.433952+05:30,,system,fee_payment,276,create,,"{""receipt_no"": ""SPS/RCP/2026/000070"", ""amount"": ""4890.00"", ""method"": ""cash""}",,,,36,1547,2026-09-21 13:43:24.411157+05:30,2026-09-21 13:43:24.411157+05:30
2026-09-21 13:43:24.471779+05:30,,system,fee_payment,277,create,,"{""receipt_no"": ""SPS/RCP/2026/000071"", ""amount"": ""2160.00"", ""method"": ""cash""}",,,,36,1548,2026-09-21 13:43:24.437176+05:30,2026-09-21 13:43:24.437176+05:30
2026-09-21 13:43:24.494721+05:30,,system,fee_payment,278,create,,"{""receipt_no"": ""SPS/RCP/2026/000072"", ""amount"": ""3240.00"", ""method"": ""cash""}",,,,36,1549,2026-09-21 13:43:24.473650+05:30,2026-09-21 13:43:24.473650+05:30
2026-09-21 13:43:24.516435+05:30,,system,fee_payment,279,create,,"{""receipt_no"": ""SPS/RCP/2026/000073"", ""amount"": ""1620.00"", ""method"": ""upi""}",,,,36,1550,2026-09-21 13:43:24.496738+05:30,2026-09-21 13:43:24.496738+05:30
2026-09-21 13:43:24.553926+05:30,,system,fee_payment,280,create,,"{""receipt_no"": ""SPS/RCP/2026/000074"", ""amount"": ""2160.00"", ""method"": ""cash""}",,,,36,1551,2026-09-21 13:43:24.519526+05:30,2026-09-21 13:43:24.519526+05:30
2026-09-21 13:43:24.577603+05:30,,system,fee_payment,281,create,,"{""receipt_no"": ""SPS/RCP/2026/000075"", ""amount"": ""3240.00"", ""method"": ""cash""}",,,,36,1552,2026-09-21 13:43:24.556153+05:30,2026-09-21 13:43:24.556153+05:30
2026-09-21 13:43:24.615465+05:30,,system,fee_payment,282,create,,"{""receipt_no"": ""SPS/RCP/2026/000076"", ""amount"": ""3660.00"", ""method"": ""cash""}",,,,36,1553,2026-09-21 13:43:24.579991+05:30,2026-09-21 13:43:24.579991+05:30
2026-09-21 13:43:24.641033+05:30,,system,fee_payment,283,create,,"{""receipt_no"": ""SPS/RCP/2026/000077"", ""amount"": ""5490.00"", ""method"": ""cash""}",,,,36,1554,2026-09-21 13:43:24.618178+05:30,2026-09-21 13:43:24.618178+05:30
2026-09-21 13:43:24.663488+05:30,,system,fee_payment,284,create,,"{""receipt_no"": ""SPS/RCP/2026/000078"", ""amount"": ""2745.00"", ""method"": ""upi""}",,,,36,1555,2026-09-21 13:43:24.643307+05:30,2026-09-21 13:43:24.643307+05:30
2026-09-21 13:43:24.699186+05:30,,system,fee_payment,285,create,,"{""receipt_no"": ""SPS/RCP/2026/000079"", ""amount"": ""2160.00"", ""method"": ""cash""}",,,,36,1556,2026-09-21 13:43:24.665352+05:30,2026-09-21 13:43:24.665352+05:30
2026-09-21 13:43:24.734265+05:30,,system,fee_payment,286,create,,"{""receipt_no"": ""SPS/RCP/2026/000080"", ""amount"": ""3240.00"", ""method"": ""cash""}",,,,36,1557,2026-09-21 13:43:24.702210+05:30,2026-09-21 13:43:24.702210+05:30
2026-09-21 13:43:24.777945+05:30,,system,fee_payment,287,create,,"{""receipt_no"": ""SPS/RCP/2026/000081"", ""amount"": ""2160.00"", ""method"": ""cash""}",,,,36,1558,2026-09-21 13:43:24.737691+05:30,2026-09-21 13:43:24.737691+05:30
2026-09-21 13:43:24.812058+05:30,,system,fee_payment,288,create,,"{""receipt_no"": ""SPS/RCP/2026/000082"", ""amount"": ""3240.00"", ""method"": ""cash""}",,,,36,1559,2026-09-21 13:43:24.780483+05:30,2026-09-21 13:43:24.780483+05:30
2026-09-21 13:43:24.845865+05:30,,system,fee_payment,289,create,,"{""receipt_no"": ""SPS/RCP/2026/000083"", ""amount"": ""1620.00"", ""method"": ""upi""}",,,,36,1560,2026-09-21 13:43:24.814454+05:30,2026-09-21 13:43:24.814454+05:30
2026-09-21 13:43:24.926516+05:30,,system,fee_payment,290,create,,"{""receipt_no"": ""SPS/RCP/2026/000084"", ""amount"": ""2160.00"", ""method"": ""cash""}",,,,36,1561,2026-09-21 13:43:24.849658+05:30,2026-09-21 13:43:24.849658+05:30
2026-09-21 13:43:24.957932+05:30,,system,fee_payment,291,create,,"{""receipt_no"": ""SPS/RCP/2026/000085"", ""amount"": ""3240.00"", ""method"": ""cash""}",,,,36,1562,2026-09-21 13:43:24.928850+05:30,2026-09-21 13:43:24.928850+05:30
2026-09-21 13:43:25.034297+05:30,,system,fee_payment,292,create,,"{""receipt_no"": ""SPS/RCP/2026/000086"", ""amount"": ""2800.00"", ""method"": ""cash""}",,,,36,1563,2026-09-21 13:43:24.961083+05:30,2026-09-21 13:43:24.961083+05:30
2026-09-21 13:43:25.073198+05:30,,system,fee_payment,293,create,,"{""receipt_no"": ""SPS/RCP/2026/000087"", ""amount"": ""4200.00"", ""method"": ""cash""}",,,,36,1564,2026-09-21 13:43:25.044230+05:30,2026-09-21 13:43:25.044230+05:30
2026-09-21 13:43:25.112921+05:30,,system,fee_payment,294,create,,"{""receipt_no"": ""SPS/RCP/2026/000088"", ""amount"": ""2000.00"", ""method"": ""cash""}",,,,36,1565,2026-09-21 13:43:25.075313+05:30,2026-09-21 13:43:25.075313+05:30
2026-09-21 13:43:25.138839+05:30,,system,fee_payment,295,create,,"{""receipt_no"": ""SPS/RCP/2026/000089"", ""amount"": ""3000.00"", ""method"": ""cash""}",,,,36,1566,2026-09-21 13:43:25.114775+05:30,2026-09-21 13:43:25.114775+05:30
2026-09-21 13:43:25.161947+05:30,,system,fee_payment,296,create,,"{""receipt_no"": ""SPS/RCP/2026/000090"", ""amount"": ""1500.00"", ""method"": ""upi""}",,,,36,1567,2026-09-21 13:43:25.141159+05:30,2026-09-21 13:43:25.141159+05:30
2026-09-21 13:43:25.198584+05:30,,system,fee_payment,297,create,,"{""receipt_no"": ""SPS/RCP/2026/000091"", ""amount"": ""2000.00"", ""method"": ""cash""}",,,,36,1568,2026-09-21 13:43:25.163782+05:30,2026-09-21 13:43:25.163782+05:30
2026-09-21 13:43:25.225307+05:30,,system,fee_payment,298,create,,"{""receipt_no"": ""SPS/RCP/2026/000092"", ""amount"": ""3000.00"", ""method"": ""cash""}",,,,36,1569,2026-09-21 13:43:25.201589+05:30,2026-09-21 13:43:25.201589+05:30
2026-09-21 13:43:25.262843+05:30,,system,fee_payment,299,create,,"{""receipt_no"": ""SPS/RCP/2026/000093"", ""amount"": ""3100.00"", ""method"": ""cash""}",,,,36,1570,2026-09-21 13:43:25.227457+05:30,2026-09-21 13:43:25.227457+05:30
2026-09-21 13:43:25.290262+05:30,,system,fee_payment,300,create,,"{""receipt_no"": ""SPS/RCP/2026/000094"", ""amount"": ""4650.00"", ""method"": ""cash""}",,,,36,1571,2026-09-21 13:43:25.265673+05:30,2026-09-21 13:43:25.265673+05:30
2026-09-21 13:43:25.313152+05:30,,system,fee_payment,301,create,,"{""receipt_no"": ""SPS/RCP/2026/000095"", ""amount"": ""2325.00"", ""method"": ""upi""}",,,,36,1572,2026-09-21 13:43:25.292146+05:30,2026-09-21 13:43:25.292146+05:30
2026-09-21 13:43:25.350724+05:30,,system,fee_payment,302,create,,"{""receipt_no"": ""SPS/RCP/2026/000096"", ""amount"": ""2000.00"", ""method"": ""cash""}",,,,36,1573,2026-09-21 13:43:25.314977+05:30,2026-09-21 13:43:25.314977+05:30
2026-09-21 13:43:25.376594+05:30,,system,fee_payment,303,create,,"{""receipt_no"": ""SPS/RCP/2026/000097"", ""amount"": ""3000.00"", ""method"": ""cash""}",,,,36,1574,2026-09-21 13:43:25.353793+05:30,2026-09-21 13:43:25.353793+05:30
2026-09-21 13:43:25.413413+05:30,,system,fee_payment,304,create,,"{""receipt_no"": ""SPS/RCP/2026/000098"", ""amount"": ""2000.00"", ""method"": ""cash""}",,,,36,1575,2026-09-21 13:43:25.378609+05:30,2026-09-21 13:43:25.378609+05:30
2026-09-21 13:43:25.438820+05:30,,system,fee_payment,305,create,,"{""receipt_no"": ""SPS/RCP/2026/000099"", ""amount"": ""3000.00"", ""method"": ""cash""}",,,,36,1576,2026-09-21 13:43:25.415312+05:30,2026-09-21 13:43:25.415312+05:30
2026-09-21 13:43:25.460481+05:30,,system,fee_payment,306,create,,"{""receipt_no"": ""SPS/RCP/2026/000100"", ""amount"": ""1500.00"", ""method"": ""upi""}",,,,36,1577,2026-09-21 13:43:25.440999+05:30,2026-09-21 13:43:25.440999+05:30
2026-09-21 13:43:25.500726+05:30,,system,fee_payment,307,create,,"{""receipt_no"": ""SPS/RCP/2026/000101"", ""amount"": ""2000.00"", ""method"": ""cash""}",,,,36,1578,2026-09-21 13:43:25.462343+05:30,2026-09-21 13:43:25.462343+05:30
2026-09-21 13:43:25.526349+05:30,,system,fee_payment,308,create,,"{""receipt_no"": ""SPS/RCP/2026/000102"", ""amount"": ""3000.00"", ""method"": ""cash""}",,,,36,1579,2026-09-21 13:43:25.503968+05:30,2026-09-21 13:43:25.503968+05:30
2026-09-21 13:43:25.565049+05:30,,system,fee_payment,309,create,,"{""receipt_no"": ""SPS/RCP/2026/000103"", ""amount"": ""2940.00"", ""method"": ""cash""}",,,,36,1580,2026-09-21 13:43:25.528641+05:30,2026-09-21 13:43:25.528641+05:30
2026-09-21 13:43:25.591748+05:30,,system,fee_payment,310,create,,"{""receipt_no"": ""SPS/RCP/2026/000104"", ""amount"": ""4410.00"", ""method"": ""cash""}",,,,36,1581,2026-09-21 13:43:25.567780+05:30,2026-09-21 13:43:25.567780+05:30
2026-09-21 13:43:25.629482+05:30,,system,fee_payment,311,create,,"{""receipt_no"": ""SPS/RCP/2026/000105"", ""amount"": ""1840.00"", ""method"": ""cash""}",,,,36,1582,2026-09-21 13:43:25.593695+05:30,2026-09-21 13:43:25.593695+05:30
2026-09-21 13:43:25.655195+05:30,,system,fee_payment,312,create,,"{""receipt_no"": ""SPS/RCP/2026/000106"", ""amount"": ""2760.00"", ""method"": ""cash""}",,,,36,1583,2026-09-21 13:43:25.631402+05:30,2026-09-21 13:43:25.631402+05:30
2026-09-21 13:43:25.676763+05:30,,system,fee_payment,313,create,,"{""receipt_no"": ""SPS/RCP/2026/000107"", ""amount"": ""1380.00"", ""method"": ""upi""}",,,,36,1584,2026-09-21 13:43:25.657234+05:30,2026-09-21 13:43:25.657234+05:30
2026-09-21 13:43:25.718569+05:30,,system,fee_payment,314,create,,"{""receipt_no"": ""SPS/RCP/2026/000108"", ""amount"": ""1840.00"", ""method"": ""cash""}",,,,36,1585,2026-09-21 13:43:25.678624+05:30,2026-09-21 13:43:25.678624+05:30
2026-09-21 13:43:25.744667+05:30,,system,fee_payment,315,create,,"{""receipt_no"": ""SPS/RCP/2026/000109"", ""amount"": ""2760.00"", ""method"": ""cash""}",,,,36,1586,2026-09-21 13:43:25.721072+05:30,2026-09-21 13:43:25.721072+05:30
2026-09-21 13:43:25.785946+05:30,,system,fee_payment,316,create,,"{""receipt_no"": ""SPS/RCP/2026/000110"", ""amount"": ""2940.00"", ""method"": ""cash""}",,,,36,1587,2026-09-21 13:43:25.746728+05:30,2026-09-21 13:43:25.746728+05:30
2026-09-21 13:43:25.808268+05:30,,system,fee_payment,317,create,,"{""receipt_no"": ""SPS/RCP/2026/000111"", ""amount"": ""4410.00"", ""method"": ""cash""}",,,,36,1588,2026-09-21 13:43:25.787962+05:30,2026-09-21 13:43:25.787962+05:30
2026-09-21 13:43:25.829594+05:30,,system,fee_payment,318,create,,"{""receipt_no"": ""SPS/RCP/2026/000112"", ""amount"": ""2205.00"", ""method"": ""upi""}",,,,36,1589,2026-09-21 13:43:25.810365+05:30,2026-09-21 13:43:25.810365+05:30
2026-09-21 13:43:25.871088+05:30,,system,fee_payment,319,create,,"{""receipt_no"": ""SPS/RCP/2026/000113"", ""amount"": ""1840.00"", ""method"": ""cash""}",,,,36,1590,2026-09-21 13:43:25.831797+05:30,2026-09-21 13:43:25.831797+05:30
2026-09-21 13:43:25.897237+05:30,,system,fee_payment,320,create,,"{""receipt_no"": ""SPS/RCP/2026/000114"", ""amount"": ""2760.00"", ""method"": ""cash""}",,,,36,1591,2026-09-21 13:43:25.873320+05:30,2026-09-21 13:43:25.873320+05:30
2026-09-21 13:43:25.931601+05:30,,system,fee_payment,321,create,,"{""receipt_no"": ""SPS/RCP/2026/000115"", ""amount"": ""1840.00"", ""method"": ""cash""}",,,,36,1592,2026-09-21 13:43:25.899810+05:30,2026-09-21 13:43:25.899810+05:30
2026-09-21 13:43:25.954417+05:30,,system,fee_payment,322,create,,"{""receipt_no"": ""SPS/RCP/2026/000116"", ""amount"": ""2760.00"", ""method"": ""cash""}",,,,36,1593,2026-09-21 13:43:25.934318+05:30,2026-09-21 13:43:25.934318+05:30
2026-09-21 13:43:25.974327+05:30,,system,fee_payment,323,create,,"{""receipt_no"": ""SPS/RCP/2026/000117"", ""amount"": ""1380.00"", ""method"": ""upi""}",,,,36,1594,2026-09-21 13:43:25.956185+05:30,2026-09-21 13:43:25.956185+05:30
2026-09-21 13:43:26.017210+05:30,,system,fee_payment,324,create,,"{""receipt_no"": ""SPS/RCP/2026/000118"", ""amount"": ""1840.00"", ""method"": ""cash""}",,,,36,1595,2026-09-21 13:43:25.976107+05:30,2026-09-21 13:43:25.976107+05:30
2026-09-21 13:43:26.044204+05:30,,system,fee_payment,325,create,,"{""receipt_no"": ""SPS/RCP/2026/000119"", ""amount"": ""2760.00"", ""method"": ""cash""}",,,,36,1596,2026-09-21 13:43:26.020161+05:30,2026-09-21 13:43:26.020161+05:30
2026-09-21 13:43:26.078832+05:30,,system,fee_payment,326,create,,"{""receipt_no"": ""SPS/RCP/2026/000120"", ""amount"": ""2480.00"", ""method"": ""cash""}",,,,36,1597,2026-09-21 13:43:26.046289+05:30,2026-09-21 13:43:26.046289+05:30
2026-09-21 13:43:26.101993+05:30,,system,fee_payment,327,create,,"{""receipt_no"": ""SPS/RCP/2026/000121"", ""amount"": ""3720.00"", ""method"": ""cash""}",,,,36,1598,2026-09-21 13:43:26.080675+05:30,2026-09-21 13:43:26.080675+05:30
2026-09-21 13:43:26.135852+05:30,,system,fee_payment,328,create,,"{""receipt_no"": ""SPS/RCP/2026/000122"", ""amount"": ""1680.00"", ""method"": ""cash""}",,,,36,1599,2026-09-21 13:43:26.104015+05:30,2026-09-21 13:43:26.104015+05:30
2026-09-21 13:43:26.159764+05:30,,system,fee_payment,329,create,,"{""receipt_no"": ""SPS/RCP/2026/000123"", ""amount"": ""2520.00"", ""method"": ""cash""}",,,,36,1600,2026-09-21 13:43:26.137733+05:30,2026-09-21 13:43:26.137733+05:30
2026-09-21 13:43:26.180842+05:30,,system,fee_payment,330,create,,"{""receipt_no"": ""SPS/RCP/2026/000124"", ""amount"": ""1260.00"", ""method"": ""upi""}",,,,36,1601,2026-09-21 13:43:26.162442+05:30,2026-09-21 13:43:26.162442+05:30
2026-09-21 13:43:26.214432+05:30,,system,fee_payment,331,create,,"{""receipt_no"": ""SPS/RCP/2026/000125"", ""amount"": ""1680.00"", ""method"": ""cash""}",,,,36,1602,2026-09-21 13:43:26.183075+05:30,2026-09-21 13:43:26.183075+05:30
2026-09-21 13:43:26.237964+05:30,,system,fee_payment,332,create,,"{""receipt_no"": ""SPS/RCP/2026/000126"", ""amount"": ""2520.00"", ""method"": ""cash""}",,,,36,1603,2026-09-21 13:43:26.216870+05:30,2026-09-21 13:43:26.216870+05:30
2026-09-21 13:43:26.270771+05:30,,system,fee_payment,333,create,,"{""receipt_no"": ""SPS/RCP/2026/000127"", ""amount"": ""2480.00"", ""method"": ""cash""}",,,,36,1604,2026-09-21 13:43:26.239779+05:30,2026-09-21 13:43:26.239779+05:30
2026-09-21 13:43:26.293593+05:30,,system,fee_payment,334,create,,"{""receipt_no"": ""SPS/RCP/2026/000128"", ""amount"": ""3720.00"", ""method"": ""cash""}",,,,36,1605,2026-09-21 13:43:26.272858+05:30,2026-09-21 13:43:26.272858+05:30
2026-09-21 13:43:26.313740+05:30,,system,fee_payment,335,create,,"{""receipt_no"": ""SPS/RCP/2026/000129"", ""amount"": ""1860.00"", ""method"": ""upi""}",,,,36,1606,2026-09-21 13:43:26.295327+05:30,2026-09-21 13:43:26.295327+05:30
2026-09-21 13:43:26.347465+05:30,,system,fee_payment,336,create,,"{""receipt_no"": ""SPS/RCP/2026/000130"", ""amount"": ""1680.00"", ""method"": ""cash""}",,,,36,1607,2026-09-21 13:43:26.316108+05:30,2026-09-21 13:43:26.316108+05:30
2026-09-21 13:43:26.370306+05:30,,system,fee_payment,337,create,,"{""receipt_no"": ""SPS/RCP/2026/000131"", ""amount"": ""2520.00"", ""method"": ""cash""}",,,,36,1608,2026-09-21 13:43:26.349809+05:30,2026-09-21 13:43:26.349809+05:30
2026-09-21 13:43:26.438063+05:30,,system,fee_payment,338,create,,"{""receipt_no"": ""SPS/RCP/2026/000132"", ""amount"": ""1680.00"", ""method"": ""cash""}",,,,36,1609,2026-09-21 13:43:26.372285+05:30,2026-09-21 13:43:26.372285+05:30
2026-09-21 13:43:26.464278+05:30,,system,fee_payment,339,create,,"{""receipt_no"": ""SPS/RCP/2026/000133"", ""amount"": ""2520.00"", ""method"": ""cash""}",,,,36,1610,2026-09-21 13:43:26.441444+05:30,2026-09-21 13:43:26.441444+05:30
2026-09-21 13:43:26.485449+05:30,,system,fee_payment,340,create,,"{""receipt_no"": ""SPS/RCP/2026/000134"", ""amount"": ""1260.00"", ""method"": ""upi""}",,,,36,1611,2026-09-21 13:43:26.466957+05:30,2026-09-21 13:43:26.466957+05:30
2026-09-21 13:43:26.519326+05:30,,system,fee_payment,341,create,,"{""receipt_no"": ""SPS/RCP/2026/000135"", ""amount"": ""1680.00"", ""method"": ""cash""}",,,,36,1612,2026-09-21 13:43:26.487525+05:30,2026-09-21 13:43:26.487525+05:30
2026-09-21 13:43:26.540763+05:30,,system,fee_payment,342,create,,"{""receipt_no"": ""SPS/RCP/2026/000136"", ""amount"": ""2520.00"", ""method"": ""cash""}",,,,36,1613,2026-09-21 13:43:26.521140+05:30,2026-09-21 13:43:26.521140+05:30
2026-09-21 13:43:26.574541+05:30,,system,fee_payment,343,create,,"{""receipt_no"": ""SPS/RCP/2026/000137"", ""amount"": ""3020.00"", ""method"": ""cash""}",,,,36,1614,2026-09-21 13:43:26.542626+05:30,2026-09-21 13:43:26.542626+05:30
2026-09-21 13:43:26.597160+05:30,,system,fee_payment,344,create,,"{""receipt_no"": ""SPS/RCP/2026/000138"", ""amount"": ""4530.00"", ""method"": ""cash""}",,,,36,1615,2026-09-21 13:43:26.576795+05:30,2026-09-21 13:43:26.576795+05:30
2026-09-21 13:43:26.632336+05:30,,system,fee_payment,345,create,,"{""receipt_no"": ""SPS/RCP/2026/000139"", ""amount"": ""1520.00"", ""method"": ""cash""}",,,,36,1616,2026-09-21 13:43:26.599720+05:30,2026-09-21 13:43:26.599720+05:30
2026-09-21 13:43:26.654461+05:30,,system,fee_payment,346,create,,"{""receipt_no"": ""SPS/RCP/2026/000140"", ""amount"": ""2280.00"", ""method"": ""cash""}",,,,36,1617,2026-09-21 13:43:26.634906+05:30,2026-09-21 13:43:26.634906+05:30
2026-09-21 13:43:26.674431+05:30,,system,fee_payment,347,create,,"{""receipt_no"": ""SPS/RCP/2026/000141"", ""amount"": ""1140.00"", ""method"": ""upi""}",,,,36,1618,2026-09-21 13:43:26.656324+05:30,2026-09-21 13:43:26.656324+05:30
2026-09-21 13:43:26.708984+05:30,,system,fee_payment,348,create,,"{""receipt_no"": ""SPS/RCP/2026/000142"", ""amount"": ""1520.00"", ""method"": ""cash""}",,,,36,1619,2026-09-21 13:43:26.676388+05:30,2026-09-21 13:43:26.676388+05:30
2026-09-21 13:43:26.739042+05:30,,system,fee_payment,349,create,,"{""receipt_no"": ""SPS/RCP/2026/000143"", ""amount"": ""2280.00"", ""method"": ""cash""}",,,,36,1620,2026-09-21 13:43:26.712507+05:30,2026-09-21 13:43:26.712507+05:30
2026-09-21 13:43:26.773696+05:30,,system,fee_payment,350,create,,"{""receipt_no"": ""SPS/RCP/2026/000144"", ""amount"": ""2620.00"", ""method"": ""cash""}",,,,36,1621,2026-09-21 13:43:26.741065+05:30,2026-09-21 13:43:26.741065+05:30
2026-09-21 13:43:26.795995+05:30,,system,fee_payment,351,create,,"{""receipt_no"": ""SPS/RCP/2026/000145"", ""amount"": ""3930.00"", ""method"": ""cash""}",,,,36,1622,2026-09-21 13:43:26.775478+05:30,2026-09-21 13:43:26.775478+05:30
2026-09-21 13:43:26.824381+05:30,,system,fee_payment,352,create,,"{""receipt_no"": ""SPS/RCP/2026/000146"", ""amount"": ""1965.00"", ""method"": ""upi""}",,,,36,1623,2026-09-21 13:43:26.797749+05:30,2026-09-21 13:43:26.797749+05:30
2026-09-21 13:43:26.858789+05:30,,system,fee_payment,353,create,,"{""receipt_no"": ""SPS/RCP/2026/000147"", ""amount"": ""1520.00"", ""method"": ""cash""}",,,,36,1624,2026-09-21 13:43:26.826245+05:30,2026-09-21 13:43:26.826245+05:30
2026-09-21 13:43:26.880382+05:30,,system,fee_payment,354,create,,"{""receipt_no"": ""SPS/RCP/2026/000148"", ""amount"": ""2280.00"", ""method"": ""cash""}",,,,36,1625,2026-09-21 13:43:26.860636+05:30,2026-09-21 13:43:26.860636+05:30
2026-09-21 13:43:26.913673+05:30,,system,fee_payment,355,create,,"{""receipt_no"": ""SPS/RCP/2026/000149"", ""amount"": ""1520.00"", ""method"": ""cash""}",,,,36,1626,2026-09-21 13:43:26.882803+05:30,2026-09-21 13:43:26.882803+05:30
2026-09-21 13:43:26.937425+05:30,,system,fee_payment,356,create,,"{""receipt_no"": ""SPS/RCP/2026/000150"", ""amount"": ""2280.00"", ""method"": ""cash""}",,,,36,1627,2026-09-21 13:43:26.916033+05:30,2026-09-21 13:43:26.916033+05:30
2026-09-21 13:43:26.957784+05:30,,system,fee_payment,357,create,,"{""receipt_no"": ""SPS/RCP/2026/000151"", ""amount"": ""1140.00"", ""method"": ""upi""}",,,,36,1628,2026-09-21 13:43:26.939286+05:30,2026-09-21 13:43:26.939286+05:30
2026-09-21 13:43:26.992180+05:30,,system,fee_payment,358,create,,"{""receipt_no"": ""SPS/RCP/2026/000152"", ""amount"": ""1520.00"", ""method"": ""cash""}",,,,36,1629,2026-09-21 13:43:26.959614+05:30,2026-09-21 13:43:26.959614+05:30
2026-09-21 13:43:27.016441+05:30,,system,fee_payment,359,create,,"{""receipt_no"": ""SPS/RCP/2026/000153"", ""amount"": ""2280.00"", ""method"": ""cash""}",,,,36,1630,2026-09-21 13:43:26.994122+05:30,2026-09-21 13:43:26.994122+05:30
2026-09-21 13:43:27.052949+05:30,,system,fee_payment,360,create,,"{""receipt_no"": ""SPS/RCP/2026/000154"", ""amount"": ""2860.00"", ""method"": ""cash""}",,,,36,1631,2026-09-21 13:43:27.019018+05:30,2026-09-21 13:43:27.019018+05:30
2026-09-21 13:43:27.074800+05:30,,system,fee_payment,361,create,,"{""receipt_no"": ""SPS/RCP/2026/000155"", ""amount"": ""4290.00"", ""method"": ""cash""}",,,,36,1632,2026-09-21 13:43:27.054747+05:30,2026-09-21 13:43:27.054747+05:30
2026-09-21 13:43:27.108609+05:30,,system,fee_payment,362,create,,"{""receipt_no"": ""SPS/RCP/2026/000156"", ""amount"": ""1360.00"", ""method"": ""cash""}",,,,36,1633,2026-09-21 13:43:27.076587+05:30,2026-09-21 13:43:27.076587+05:30
2026-09-21 13:43:27.131407+05:30,,system,fee_payment,363,create,,"{""receipt_no"": ""SPS/RCP/2026/000157"", ""amount"": ""2040.00"", ""method"": ""cash""}",,,,36,1634,2026-09-21 13:43:27.110331+05:30,2026-09-21 13:43:27.110331+05:30
2026-09-21 13:43:27.153218+05:30,,system,fee_payment,364,create,,"{""receipt_no"": ""SPS/RCP/2026/000158"", ""amount"": ""1020.00"", ""method"": ""upi""}",,,,36,1635,2026-09-21 13:43:27.134717+05:30,2026-09-21 13:43:27.134717+05:30
2026-09-21 13:43:27.188034+05:30,,system,fee_payment,365,create,,"{""receipt_no"": ""SPS/RCP/2026/000159"", ""amount"": ""1360.00"", ""method"": ""cash""}",,,,36,1636,2026-09-21 13:43:27.155153+05:30,2026-09-21 13:43:27.155153+05:30
2026-09-21 13:43:27.209982+05:30,,system,fee_payment,366,create,,"{""receipt_no"": ""SPS/RCP/2026/000160"", ""amount"": ""2040.00"", ""method"": ""cash""}",,,,36,1637,2026-09-21 13:43:27.190023+05:30,2026-09-21 13:43:27.190023+05:30
2026-09-21 13:43:27.243701+05:30,,system,fee_payment,367,create,,"{""receipt_no"": ""SPS/RCP/2026/000161"", ""amount"": ""2160.00"", ""method"": ""cash""}",,,,36,1638,2026-09-21 13:43:27.211849+05:30,2026-09-21 13:43:27.211849+05:30
2026-09-21 13:43:27.268074+05:30,,system,fee_payment,368,create,,"{""receipt_no"": ""SPS/RCP/2026/000162"", ""amount"": ""3240.00"", ""method"": ""cash""}",,,,36,1639,2026-09-21 13:43:27.245462+05:30,2026-09-21 13:43:27.245462+05:30
2026-09-21 13:43:27.289211+05:30,,system,fee_payment,369,create,,"{""receipt_no"": ""SPS/RCP/2026/000163"", ""amount"": ""1620.00"", ""method"": ""upi""}",,,,36,1640,2026-09-21 13:43:27.270068+05:30,2026-09-21 13:43:27.270068+05:30
2026-09-21 13:43:27.323921+05:30,,system,fee_payment,370,create,,"{""receipt_no"": ""SPS/RCP/2026/000164"", ""amount"": ""1360.00"", ""method"": ""cash""}",,,,36,1641,2026-09-21 13:43:27.291073+05:30,2026-09-21 13:43:27.291073+05:30
2026-09-21 13:43:27.345766+05:30,,system,fee_payment,371,create,,"{""receipt_no"": ""SPS/RCP/2026/000165"", ""amount"": ""2040.00"", ""method"": ""cash""}",,,,36,1642,2026-09-21 13:43:27.325741+05:30,2026-09-21 13:43:27.325741+05:30
2026-09-21 13:43:27.379396+05:30,,system,fee_payment,372,create,,"{""receipt_no"": ""SPS/RCP/2026/000166"", ""amount"": ""1360.00"", ""method"": ""cash""}",,,,36,1643,2026-09-21 13:43:27.347740+05:30,2026-09-21 13:43:27.347740+05:30
2026-09-21 13:43:27.403489+05:30,,system,fee_payment,373,create,,"{""receipt_no"": ""SPS/RCP/2026/000167"", ""amount"": ""2040.00"", ""method"": ""cash""}",,,,36,1644,2026-09-21 13:43:27.382116+05:30,2026-09-21 13:43:27.382116+05:30
2026-09-21 13:43:27.426775+05:30,,system,fee_payment,374,create,,"{""receipt_no"": ""SPS/RCP/2026/000168"", ""amount"": ""1020.00"", ""method"": ""upi""}",,,,36,1645,2026-09-21 13:43:27.407685+05:30,2026-09-21 13:43:27.407685+05:30
2026-09-21 13:43:27.459174+05:30,,system,fee_payment,375,create,,"{""receipt_no"": ""SPS/RCP/2026/000169"", ""amount"": ""1360.00"", ""method"": ""cash""}",,,,36,1646,2026-09-21 13:43:27.428546+05:30,2026-09-21 13:43:27.428546+05:30
2026-09-21 13:43:27.483786+05:30,,system,fee_payment,376,create,,"{""receipt_no"": ""SPS/RCP/2026/000170"", ""amount"": ""2040.00"", ""method"": ""cash""}",,,,36,1647,2026-09-21 13:43:27.461086+05:30,2026-09-21 13:43:27.461086+05:30
2026-09-21 13:44:13.442134+05:30,399,Office Administrator,application,91,create,,"{""application_no"": ""APP00001"", ""status"": ""submitted""}",,,,36,1648,2026-09-21 13:44:13.285054+05:30,2026-09-21 13:44:13.285054+05:30
2026-09-21 13:44:34.583409+05:30,399,Office Administrator,application,92,create,,"{""application_no"": ""APP00002"", ""status"": ""submitted""}",,,,36,1649,2026-09-21 13:44:34.503389+05:30,2026-09-21 13:44:34.503389+05:30
2026-09-21 13:44:34.594694+05:30,399,Office Administrator,application_payment,92,create,,"{""receipt_no"": ""AR00001"", ""amount"": ""500.00"", ""purpose"": ""application_fee""}",,,,36,1650,2026-09-21 13:44:34.591936+05:30,2026-09-21 13:44:34.591936+05:30
2026-09-21 13:44:35.532064+05:30,399,Office Administrator,application,92,status_change,"{""status"": ""submitted""}","{""status"": ""enrolled""}",Converted to student 2025000001,,,36,1651,2026-09-21 13:44:34.591936+05:30,2026-09-21 13:44:34.591936+05:30
2026-09-21 13:44:35.542624+05:30,399,Office Administrator,student,300,create,,"{""admission_no"": ""2025000001"", ""from_application"": ""APP00002"", ""class"": ""6-A"", ""documents_migrated"": 0}",,,,36,1652,2026-09-21 13:44:35.539008+05:30,2026-09-21 13:44:35.539008+05:30
