owner_type,owner_id,document_type_id,file_key,file_name,mime_type,size_bytes,checksum,uploaded_by,uploaded_at,status,original_seen,verified_by,verified_at,rejection_reason,expires_on,is_confidential,deleted_at,deleted_by,delete_reason,school_id,id,created_at,updated_at
employee,58,59,36/employee/58/a2612a9fcafd4836afd41f3109bcc7d7.pdf,driving_licence-58.pdf,application/pdf,36,2734f3051fc66fb36f2969ab5269457c2c4620c933a2ba8073138ee491ff7c8a,399,2026-09-21 13:43:19.201435+05:30,submitted,False,,,,2027-10-06,True,,,,36,272,2026-09-21 13:42:20.897635+05:30,2026-09-21 13:42:20.897635+05:30
employee,58,58,36/employee/58/37e9352d8622498aae41d5fa8901dc0b.pdf,police_verification-58.pdf,application/pdf,40,befdcebfaafe293b2aee20cc1ad3f771b53113fe9134588178694aafadf907ac,399,2026-09-21 13:43:19.209346+05:30,submitted,False,,,,2027-10-06,True,,,,36,273,2026-09-21 13:42:20.897635+05:30,2026-09-21 13:42:20.897635+05:30
employee,59,59,36/employee/59/674e339e2580428ab3b3c0f71e79a66c.pdf,driving_licence-59.pdf,application/pdf,36,510bd094b746d0a62c0b836c4331249c0b1b81f3bca5f79467e143cd4c932404,399,2026-09-21 13:43:19.465389+05:30,submitted,False,,,,2027-10-06,True,,,,36,274,2026-09-21 13:42:20.897635+05:30,2026-09-21 13:42:20.897635+05:30
employee,59,58,36/employee/59/09c6853f91a042febb79f527b9faaa0a.pdf,police_verification-59.pdf,application/pdf,40,685d7d5f7bd618d4a5aab92d901e3f43762a5cda58b85b0da5d271468bbe18a0,399,2026-09-21 13:43:19.469544+05:30,submitted,False,,,,2027-10-06,True,,,,36,275,2026-09-21 13:42:20.897635+05:30,2026-09-21 13:42:20.897635+05:30
employee,60,58,36/employee/60/440718b9ca9642a68e9c2fc5a87846bf.pdf,police_verification-60.pdf,application/pdf,40,52e0be6f84a15e1fb7ca16b29ed182cf2bb79e402a2072c9263aee5c1633e3f6,399,2026-09-21 13:43:19.721270+05:30,submitted,False,,,,2027-10-06,True,,,,36,276,2026-09-21 13:42:20.897635+05:30,2026-09-21 13:42:20.897635+05:30
vehicle,36,60,36/vehicle/36/9b9f8c5a2e2047ca8dbc73be95f82226.pdf,vehicle_insurance-36.pdf,application/pdf,37,f83f92817f9b71feb10f69c6ecfdbf85e1fd69c8dcaa6582d9a62b41fe9f7259,399,2026-09-21 13:43:19.734632+05:30,submitted,False,,,,2027-06-28,False,,,,36,277,2026-09-21 13:42:20.897635+05:30,2026-09-21 13:42:20.897635+05:30
vehicle,36,61,36/vehicle/36/b3e77d012d814762ad33a8a801b0b228.pdf,vehicle_fitness-36.pdf,application/pdf,35,62bc5bec57e91af6b456c8f5ae308e7b1cc33141c8f769d830f806d5226dea24,399,2026-09-21 13:43:19.739520+05:30,submitted,False,,,,2027-07-28,False,,,,36,278,2026-09-21 13:42:20.897635+05:30,2026-09-21 13:42:20.897635+05:30
vehicle,36,62,36/vehicle/36/db1423aee405451a87af2a9f543097fa.pdf,vehicle_permit-36.pdf,application/pdf,34,0933219f0c43cab3e7a6a4d5f8698615e55078c54e090d3649e2f37854dd574a,399,2026-09-21 13:43:19.744500+05:30,submitted,False,,,,2027-08-27,False,,,,36,279,2026-09-21 13:42:20.897635+05:30,2026-09-21 13:42:20.897635+05:30
vehicle,36,63,36/vehicle/36/fc63a4f9a93846699d649ce02443ce37.pdf,vehicle_puc-36.pdf,application/pdf,31,b3bb18b1c915dd6abd3cf5e7e535f8b74d0884a611b37fed34f405f759e57d03,399,2026-09-21 13:43:19.749320+05:30,submitted,False,,,,2026-10-16,False,,,,36,280,2026-09-21 13:42:20.897635+05:30,2026-09-21 13:42:20.897635+05:30
vehicle,37,60,36/vehicle/37/b9ff641320a34e9cbcca4e8f5566a3d9.pdf,vehicle_insurance-37.pdf,application/pdf,37,9c8faa8c66c1a094afa1cd24946eb9cda25f2b57a4c47280a1f670443d2d891a,399,2026-09-21 13:43:19.755715+05:30,submitted,False,,,,2027-06-28,False,,,,36,281,2026-09-21 13:42:20.897635+05:30,2026-09-21 13:42:20.897635+05:30
vehicle,37,61,36/vehicle/37/14b8839d4ab84d6dadb7d99c2762e2c9.pdf,vehicle_fitness-37.pdf,application/pdf,35,42c091f850948561b0f06678d7aedb27116e328b19b68f24d58d8a0296aa3421,399,2026-09-21 13:43:19.760120+05:30,submitted,False,,,,2027-07-28,False,,,,36,282,2026-09-21 13:42:20.897635+05:30,2026-09-21 13:42:20.897635+05:30
vehicle,37,62,36/vehicle/37/b735920abe774578b05d4d99217c16ba.pdf,vehicle_permit-37.pdf,application/pdf,34,3a5987438d15c59074303d13eb85eec50c86f088391c60e39dfc6b62dae45a7c,399,2026-09-21 13:43:19.764372+05:30,submitted,False,,,,2027-08-27,False,,,,36,283,2026-09-21 13:42:20.897635+05:30,2026-09-21 13:42:20.897635+05:30
vehicle,37,63,36/vehicle/37/b5037d26ca6748dfad71554e9404a8b7.pdf,vehicle_puc-37.pdf,application/pdf,31,67e937880714a9cafcba67c1dcd76c1935c96eaa269131ab3df4dc3326295df9,399,2026-09-21 13:43:19.768353+05:30,submitted,False,,,,2027-09-26,False,,,,36,284,2026-09-21 13:42:20.897635+05:30,2026-09-21 13:42:20.897635+05:30
