user_id,occupation,employee_id,school_id,id,created_at,updated_at
519,Bank Officer,,36,125,2026-09-21 13:42:20.897635+05:30,2026-09-21 13:42:20.897635+05:30
520,Employee,,36,126,2026-09-21 13:42:20.897635+05:30,2026-09-21 13:42:20.897635+05:30
521,Farmer,,36,127,2026-09-21 13:42:20.897635+05:30,2026-09-21 13:42:20.897635+05:30
522,Engineer,,36,128,2026-09-21 13:42:20.897635+05:30,2026-09-21 13:42:20.897635+05:30
523,Homemaker,,36,129,2026-09-21 13:42:20.897635+05:30,2026-09-21 13:42:20.897635+05:30
524,Shopkeeper,,36,130,2026-09-21 13:42:20.897635+05:30,2026-09-21 13:42:20.897635+05:30
525,Bank Officer,,36,131,2026-09-21 13:42:20.897635+05:30,2026-09-21 13:42:20.897635+05:30
526,Employee,,36,132,2026-09-21 13:42:20.897635+05:30,2026-09-21 13:42:20.897635+05:30
527,Farmer,,36,133,2026-09-21 13:42:20.897635+05:30,2026-09-21 13:42:20.897635+05:30
528,Engineer,,36,134,2026-09-21 13:42:20.897635+05:30,2026-09-21 13:42:20.897635+05:30
529,Homemaker,,36,135,2026-09-21 13:42:20.897635+05:30,2026-09-21 13:42:20.897635+05:30
530,Shopkeeper,,36,136,2026-09-21 13:42:20.897635+05:30,2026-09-21 13:42:20.897635+05:30
531,Bank Officer,,36,137,2026-09-21 13:42:20.897635+05:30,2026-09-21 13:42:20.897635+05:30
532,Employee,,36,138,2026-09-21 13:42:20.897635+05:30,2026-09-21 13:42:20.897635+05:30
533,Farmer,,36,139,2026-09-21 13:42:20.897635+05:30,2026-09-21 13:42:20.897635+05:30
534,Engineer,,36,140,2026-09-21 13:42:20.897635+05:30,2026-09-21 13:42:20.897635+05:30
535,Homemaker,,36,141,2026-09-21 13:42:20.897635+05:30,2026-09-21 13:42:20.897635+05:30
536,Shopkeeper,,36,142,2026-09-21 13:42:20.897635+05:30,2026-09-21 13:42:20.897635+05:30
537,Bank Officer,,36,143,2026-09-21 13:42:20.897635+05:30,2026-09-21 13:42:20.897635+05:30
538,Employee,,36,144,2026-09-21 13:42:20.897635+05:30,2026-09-21 13:42:20.897635+05:30
539,Farmer,,36,145,2026-09-21 13:42:20.897635+05:30,2026-09-21 13:42:20.897635+05:30
540,Engineer,,36,146,2026-09-21 13:42:20.897635+05:30,2026-09-21 13:42:20.897635+05:30
541,Homemaker,,36,147,2026-09-21 13:42:20.897635+05:30,2026-09-21 13:42:20.897635+05:30
542,Shopkeeper,,36,148,2026-09-21 13:42:20.897635+05:30,2026-09-21 13:42:20.897635+05:30
543,Bank Officer,,36,149,2026-09-21 13:42:20.897635+05:30,2026-09-21 13:42:20.897635+05:30
544,Employee,,36,150,2026-09-21 13:42:20.897635+05:30,2026-09-21 13:42:20.897635+05:30
545,Farmer,,36,151,2026-09-21 13:42:20.897635+05:30,2026-09-21 13:42:20.897635+05:30
546,Engineer,,36,152,2026-09-21 13:42:20.897635+05:30,2026-09-21 13:42:20.897635+05:30
547,Homemaker,,36,153,2026-09-21 13:42:20.897635+05:30,2026-09-21 13:42:20.897635+05:30
548,Shopkeeper,,36,154,2026-09-21 13:42:20.897635+05:30,2026-09-21 13:42:20.897635+05:30
549,Bank Officer,,36,155,2026-09-21 13:42:20.897635+05:30,2026-09-21 13:42:20.897635+05:30
550,Employee,,36,156,2026-09-21 13:42:20.897635+05:30,2026-09-21 13:42:20.897635+05:30
551,Farmer,,36,157,2026-09-21 13:42:20.897635+05:30,2026-09-21 13:42:20.897635+05:30
552,Engineer,,36,158,2026-09-21 13:42:20.897635+05:30,2026-09-21 13:42:20.897635+05:30
553,Homemaker,,36,159,2026-09-21 13:42:20.897635+05:30,2026-09-21 13:42:20.897635+05:30
554,Shopkeeper,,36,160,2026-09-21 13:42:20.897635+05:30,2026-09-21 13:42:20.897635+05:30
555,Bank Officer,,36,161,2026-09-21 13:42:20.897635+05:30,2026-09-21 13:42:20.897635+05:30
556,Employee,,36,162,2026-09-21 13:42:20.897635+05:30,2026-09-21 13:42:20.897635+05:30
557,Farmer,,36,163,2026-09-21 13:42:20.897635+05:30,2026-09-21 13:42:20.897635+05:30
558,Engineer,,36,164,2026-09-21 13:42:20.897635+05:30,2026-09-21 13:42:20.897635+05:30
559,Homemaker,,36,165,2026-09-21 13:42:20.897635+05:30,2026-09-21 13:42:20.897635+05:30
560,Shopkeeper,,36,166,2026-09-21 13:42:20.897635+05:30,2026-09-21 13:42:20.897635+05:30
561,Bank Officer,,36,167,2026-09-21 13:42:20.897635+05:30,2026-09-21 13:42:20.897635+05:30
562,Employee,,36,168,2026-09-21 13:42:20.897635+05:30,2026-09-21 13:42:20.897635+05:30
563,Farmer,,36,169,2026-09-21 13:42:20.897635+05:30,2026-09-21 13:42:20.897635+05:30
564,Engineer,,36,170,2026-09-21 13:42:20.897635+05:30,2026-09-21 13:42:20.897635+05:30
565,Homemaker,,36,171,2026-09-21 13:42:20.897635+05:30,2026-09-21 13:42:20.897635+05:30
566,Shopkeeper,,36,172,2026-09-21 13:42:20.897635+05:30,2026-09-21 13:42:20.897635+05:30
567,Bank Officer,,36,173,2026-09-21 13:42:20.897635+05:30,2026-09-21 13:42:20.897635+05:30
568,Employee,,36,174,2026-09-21 13:42:20.897635+05:30,2026-09-21 13:42:20.897635+05:30
569,Farmer,,36,175,2026-09-21 13:42:20.897635+05:30,2026-09-21 13:42:20.897635+05:30
570,Engineer,,36,176,2026-09-21 13:42:20.897635+05:30,2026-09-21 13:42:20.897635+05:30
571,Homemaker,,36,177,2026-09-21 13:42:20.897635+05:30,2026-09-21 13:42:20.897635+05:30
572,Shopkeeper,,36,178,2026-09-21 13:42:20.897635+05:30,2026-09-21 13:42:20.897635+05:30
573,Bank Officer,,36,179,2026-09-21 13:42:20.897635+05:30,2026-09-21 13:42:20.897635+05:30
574,Employee,,36,180,2026-09-21 13:42:20.897635+05:30,2026-09-21 13:42:20.897635+05:30
575,Farmer,,36,181,2026-09-21 13:42:20.897635+05:30,2026-09-21 13:42:20.897635+05:30
576,Engineer,,36,182,2026-09-21 13:42:20.897635+05:30,2026-09-21 13:42:20.897635+05:30
577,Homemaker,,36,183,2026-09-21 13:42:20.897635+05:30,2026-09-21 13:42:20.897635+05:30
578,Shopkeeper,,36,184,2026-09-21 13:42:20.897635+05:30,2026-09-21 13:42:20.897635+05:30
579,Bank Officer,,36,185,2026-09-21 13:42:20.897635+05:30,2026-09-21 13:42:20.897635+05:30
580,Employee,,36,186,2026-09-21 13:42:20.897635+05:30,2026-09-21 13:42:20.897635+05:30
581,Farmer,,36,187,2026-09-21 13:42:20.897635+05:30,2026-09-21 13:42:20.897635+05:30
582,Engineer,,36,188,2026-09-21 13:42:20.897635+05:30,2026-09-21 13:42:20.897635+05:30
583,Homemaker,,36,189,2026-09-21 13:42:20.897635+05:30,2026-09-21 13:42:20.897635+05:30
584,Shopkeeper,,36,190,2026-09-21 13:42:20.897635+05:30,2026-09-21 13:42:20.897635+05:30
585,Bank Officer,,36,191,2026-09-21 13:42:20.897635+05:30,2026-09-21 13:42:20.897635+05:30
586,Employee,,36,192,2026-09-21 13:42:20.897635+05:30,2026-09-21 13:42:20.897635+05:30
587,Farmer,,36,193,2026-09-21 13:42:20.897635+05:30,2026-09-21 13:42:20.897635+05:30
588,Engineer,,36,194,2026-09-21 13:42:20.897635+05:30,2026-09-21 13:42:20.897635+05:30
589,Homemaker,,36,195,2026-09-21 13:42:20.897635+05:30,2026-09-21 13:42:20.897635+05:30
590,Shopkeeper,,36,196,2026-09-21 13:42:20.897635+05:30,2026-09-21 13:42:20.897635+05:30
591,Bank Officer,,36,197,2026-09-21 13:42:20.897635+05:30,2026-09-21 13:42:20.897635+05:30
592,Employee,,36,198,2026-09-21 13:42:20.897635+05:30,2026-09-21 13:42:20.897635+05:30
593,Farmer,,36,199,2026-09-21 13:42:20.897635+05:30,2026-09-21 13:42:20.897635+05:30
594,Engineer,,36,200,2026-09-21 13:42:20.897635+05:30,2026-09-21 13:42:20.897635+05:30
595,Homemaker,,36,201,2026-09-21 13:42:20.897635+05:30,2026-09-21 13:42:20.897635+05:30
596,Shopkeeper,,36,202,2026-09-21 13:42:20.897635+05:30,2026-09-21 13:42:20.897635+05:30
597,Bank Officer,,36,203,2026-09-21 13:42:20.897635+05:30,2026-09-21 13:42:20.897635+05:30
598,Employee,,36,204,2026-09-21 13:42:20.897635+05:30,2026-09-21 13:42:20.897635+05:30
599,Farmer,,36,205,2026-09-21 13:42:20.897635+05:30,2026-09-21 13:42:20.897635+05:30
600,Engineer,,36,206,2026-09-21 13:42:20.897635+05:30,2026-09-21 13:42:20.897635+05:30
601,Homemaker,,36,207,2026-09-21 13:42:20.897635+05:30,2026-09-21 13:42:20.897635+05:30
602,Shopkeeper,,36,208,2026-09-21 13:42:20.897635+05:30,2026-09-21 13:42:20.897635+05:30
603,Bank Officer,,36,209,2026-09-21 13:42:20.897635+05:30,2026-09-21 13:42:20.897635+05:30
604,Employee,,36,210,2026-09-21 13:42:20.897635+05:30,2026-09-21 13:42:20.897635+05:30
605,Farmer,,36,211,2026-09-21 13:42:20.897635+05:30,2026-09-21 13:42:20.897635+05:30
606,Engineer,,36,212,2026-09-21 13:42:20.897635+05:30,2026-09-21 13:42:20.897635+05:30
607,Homemaker,,36,213,2026-09-21 13:42:20.897635+05:30,2026-09-21 13:42:20.897635+05:30
608,Shopkeeper,,36,214,2026-09-21 13:42:20.897635+05:30,2026-09-21 13:42:20.897635+05:30
609,Bank Officer,,36,215,2026-09-21 13:42:20.897635+05:30,2026-09-21 13:42:20.897635+05:30
610,Employee,,36,216,2026-09-21 13:42:20.897635+05:30,2026-09-21 13:42:20.897635+05:30
611,Farmer,,36,217,2026-09-21 13:42:20.897635+05:30,2026-09-21 13:42:20.897635+05:30
612,Engineer,,36,218,2026-09-21 13:42:20.897635+05:30,2026-09-21 13:42:20.897635+05:30
613,Homemaker,,36,219,2026-09-21 13:42:20.897635+05:30,2026-09-21 13:42:20.897635+05:30
614,Shopkeeper,,36,220,2026-09-21 13:42:20.897635+05:30,2026-09-21 13:42:20.897635+05:30
615,Bank Officer,,36,221,2026-09-21 13:42:20.897635+05:30,2026-09-21 13:42:20.897635+05:30
616,Employee,,36,222,2026-09-21 13:42:20.897635+05:30,2026-09-21 13:42:20.897635+05:30
622,Doctor / Physician,,36,223,2026-09-21 13:44:34.591936+05:30,2026-09-21 13:44:34.591936+05:30
623,Professor / Academic,,36,224,2026-09-21 13:44:34.591936+05:30,2026-09-21 13:44:34.591936+05:30
