payment_id,invoice_line_id,amount,school_id,id,created_at,updated_at
207,9651,2240.00,36,541,2026-09-21 13:43:22.177303+05:30,2026-09-21 13:43:22.177303+05:30
207,9652,560.00,36,542,2026-09-21 13:43:22.177303+05:30,2026-09-21 13:43:22.177303+05:30
207,9653,800.00,36,543,2026-09-21 13:43:22.177303+05:30,2026-09-21 13:43:22.177303+05:30
208,10341,1800.00,36,544,2026-09-21 13:43:22.259178+05:30,2026-09-21 13:43:22.259178+05:30
208,9881,2240.00,36,545,2026-09-21 13:43:22.259178+05:30,2026-09-21 13:43:22.259178+05:30
208,9882,560.00,36,546,2026-09-21 13:43:22.259178+05:30,2026-09-21 13:43:22.259178+05:30
208,9883,800.00,36,547,2026-09-21 13:43:22.259178+05:30,2026-09-21 13:43:22.259178+05:30
209,9654,2016.00,36,548,2026-09-21 13:43:22.293263+05:30,2026-09-21 13:43:22.293263+05:30
209,9655,504.00,36,549,2026-09-21 13:43:22.293263+05:30,2026-09-21 13:43:22.293263+05:30
210,10344,1260.00,36,550,2026-09-21 13:43:22.347259+05:30,2026-09-21 13:43:22.347259+05:30
210,9884,2016.00,36,551,2026-09-21 13:43:22.347259+05:30,2026-09-21 13:43:22.347259+05:30
210,9885,504.00,36,552,2026-09-21 13:43:22.347259+05:30,2026-09-21 13:43:22.347259+05:30
211,10345,1260.00,36,553,2026-09-21 13:43:22.379216+05:30,2026-09-21 13:43:22.379216+05:30
211,10114,630.00,36,554,2026-09-21 13:43:22.379216+05:30,2026-09-21 13:43:22.379216+05:30
212,9658,2016.00,36,555,2026-09-21 13:43:22.408397+05:30,2026-09-21 13:43:22.408397+05:30
212,9659,504.00,36,556,2026-09-21 13:43:22.408397+05:30,2026-09-21 13:43:22.408397+05:30
213,10347,1260.00,36,557,2026-09-21 13:43:22.454164+05:30,2026-09-21 13:43:22.454164+05:30
213,9888,2016.00,36,558,2026-09-21 13:43:22.454164+05:30,2026-09-21 13:43:22.454164+05:30
213,9889,504.00,36,559,2026-09-21 13:43:22.454164+05:30,2026-09-21 13:43:22.454164+05:30
214,9660,2240.00,36,560,2026-09-21 13:43:22.481359+05:30,2026-09-21 13:43:22.481359+05:30
214,9661,560.00,36,561,2026-09-21 13:43:22.481359+05:30,2026-09-21 13:43:22.481359+05:30
214,9662,800.00,36,562,2026-09-21 13:43:22.481359+05:30,2026-09-21 13:43:22.481359+05:30
215,10350,1800.00,36,563,2026-09-21 13:43:22.523871+05:30,2026-09-21 13:43:22.523871+05:30
215,9890,2240.00,36,564,2026-09-21 13:43:22.523871+05:30,2026-09-21 13:43:22.523871+05:30
215,9891,560.00,36,565,2026-09-21 13:43:22.523871+05:30,2026-09-21 13:43:22.523871+05:30
215,9892,800.00,36,566,2026-09-21 13:43:22.523871+05:30,2026-09-21 13:43:22.523871+05:30
216,10351,1800.00,36,567,2026-09-21 13:43:22.548628+05:30,2026-09-21 13:43:22.548628+05:30
216,10120,900.00,36,568,2026-09-21 13:43:22.548628+05:30,2026-09-21 13:43:22.548628+05:30
217,9665,2240.00,36,569,2026-09-21 13:43:22.572473+05:30,2026-09-21 13:43:22.572473+05:30
217,9666,560.00,36,570,2026-09-21 13:43:22.572473+05:30,2026-09-21 13:43:22.572473+05:30
218,10353,1400.00,36,571,2026-09-21 13:43:22.612112+05:30,2026-09-21 13:43:22.612112+05:30
218,9895,2240.00,36,572,2026-09-21 13:43:22.612112+05:30,2026-09-21 13:43:22.612112+05:30
218,9896,560.00,36,573,2026-09-21 13:43:22.612112+05:30,2026-09-21 13:43:22.612112+05:30
219,9667,2240.00,36,574,2026-09-21 13:43:22.637748+05:30,2026-09-21 13:43:22.637748+05:30
219,9668,560.00,36,575,2026-09-21 13:43:22.637748+05:30,2026-09-21 13:43:22.637748+05:30
220,10356,1400.00,36,576,2026-09-21 13:43:22.675336+05:30,2026-09-21 13:43:22.675336+05:30
220,9897,2240.00,36,577,2026-09-21 13:43:22.675336+05:30,2026-09-21 13:43:22.675336+05:30
220,9898,560.00,36,578,2026-09-21 13:43:22.675336+05:30,2026-09-21 13:43:22.675336+05:30
221,10357,1400.00,36,579,2026-09-21 13:43:22.699001+05:30,2026-09-21 13:43:22.699001+05:30
221,10127,700.00,36,580,2026-09-21 13:43:22.699001+05:30,2026-09-21 13:43:22.699001+05:30
222,9672,2240.00,36,581,2026-09-21 13:43:22.722163+05:30,2026-09-21 13:43:22.722163+05:30
222,9673,560.00,36,582,2026-09-21 13:43:22.722163+05:30,2026-09-21 13:43:22.722163+05:30
223,10359,1400.00,36,583,2026-09-21 13:43:22.759120+05:30,2026-09-21 13:43:22.759120+05:30
223,9902,2240.00,36,584,2026-09-21 13:43:22.759120+05:30,2026-09-21 13:43:22.759120+05:30
223,9903,560.00,36,585,2026-09-21 13:43:22.759120+05:30,2026-09-21 13:43:22.759120+05:30
224,9674,2112.00,36,586,2026-09-21 13:43:22.783368+05:30,2026-09-21 13:43:22.783368+05:30
224,9675,528.00,36,587,2026-09-21 13:43:22.783368+05:30,2026-09-21 13:43:22.783368+05:30
224,9676,1500.00,36,588,2026-09-21 13:43:22.783368+05:30,2026-09-21 13:43:22.783368+05:30
225,10362,2070.00,36,589,2026-09-21 13:43:22.820077+05:30,2026-09-21 13:43:22.820077+05:30
225,9904,2112.00,36,590,2026-09-21 13:43:22.820077+05:30,2026-09-21 13:43:22.820077+05:30
225,9905,528.00,36,591,2026-09-21 13:43:22.820077+05:30,2026-09-21 13:43:22.820077+05:30
225,9906,1500.00,36,592,2026-09-21 13:43:22.820077+05:30,2026-09-21 13:43:22.820077+05:30
226,9677,2112.00,36,593,2026-09-21 13:43:22.854552+05:30,2026-09-21 13:43:22.854552+05:30
226,9678,528.00,36,594,2026-09-21 13:43:22.854552+05:30,2026-09-21 13:43:22.854552+05:30
227,10365,1320.00,36,595,2026-09-21 13:43:22.917796+05:30,2026-09-21 13:43:22.917796+05:30
227,9907,2112.00,36,596,2026-09-21 13:43:22.917796+05:30,2026-09-21 13:43:22.917796+05:30
227,9908,528.00,36,597,2026-09-21 13:43:22.917796+05:30,2026-09-21 13:43:22.917796+05:30
228,10366,1320.00,36,598,2026-09-21 13:43:22.955376+05:30,2026-09-21 13:43:22.955376+05:30
228,10137,660.00,36,599,2026-09-21 13:43:22.955376+05:30,2026-09-21 13:43:22.955376+05:30
229,9681,2112.00,36,600,2026-09-21 13:43:22.984592+05:30,2026-09-21 13:43:22.984592+05:30
229,9682,528.00,36,601,2026-09-21 13:43:22.984592+05:30,2026-09-21 13:43:22.984592+05:30
230,10368,1320.00,36,602,2026-09-21 13:43:23.025520+05:30,2026-09-21 13:43:23.025520+05:30
230,9911,2112.00,36,603,2026-09-21 13:43:23.025520+05:30,2026-09-21 13:43:23.025520+05:30
230,9912,528.00,36,604,2026-09-21 13:43:23.025520+05:30,2026-09-21 13:43:23.025520+05:30
231,9683,2112.00,36,605,2026-09-21 13:43:23.050046+05:30,2026-09-21 13:43:23.050046+05:30
231,9684,528.00,36,606,2026-09-21 13:43:23.050046+05:30,2026-09-21 13:43:23.050046+05:30
231,9685,1100.00,36,607,2026-09-21 13:43:23.050046+05:30,2026-09-21 13:43:23.050046+05:30
232,10371,1870.00,36,608,2026-09-21 13:43:23.089814+05:30,2026-09-21 13:43:23.089814+05:30
232,9913,2112.00,36,609,2026-09-21 13:43:23.089814+05:30,2026-09-21 13:43:23.089814+05:30
232,9914,528.00,36,610,2026-09-21 13:43:23.089814+05:30,2026-09-21 13:43:23.089814+05:30
232,9915,1100.00,36,611,2026-09-21 13:43:23.089814+05:30,2026-09-21 13:43:23.089814+05:30
233,10372,1870.00,36,612,2026-09-21 13:43:23.114443+05:30,2026-09-21 13:43:23.114443+05:30
233,10143,935.00,36,613,2026-09-21 13:43:23.114443+05:30,2026-09-21 13:43:23.114443+05:30
234,9688,2112.00,36,614,2026-09-21 13:43:23.136514+05:30,2026-09-21 13:43:23.136514+05:30
234,9689,528.00,36,615,2026-09-21 13:43:23.136514+05:30,2026-09-21 13:43:23.136514+05:30
235,10374,1320.00,36,616,2026-09-21 13:43:23.172033+05:30,2026-09-21 13:43:23.172033+05:30
235,9918,2112.00,36,617,2026-09-21 13:43:23.172033+05:30,2026-09-21 13:43:23.172033+05:30
235,9919,528.00,36,618,2026-09-21 13:43:23.172033+05:30,2026-09-21 13:43:23.172033+05:30
236,9690,2112.00,36,619,2026-09-21 13:43:23.199052+05:30,2026-09-21 13:43:23.199052+05:30
236,9691,528.00,36,620,2026-09-21 13:43:23.199052+05:30,2026-09-21 13:43:23.199052+05:30
237,10377,1320.00,36,621,2026-09-21 13:43:23.241091+05:30,2026-09-21 13:43:23.241091+05:30
237,9920,2112.00,36,622,2026-09-21 13:43:23.241091+05:30,2026-09-21 13:43:23.241091+05:30
237,9921,528.00,36,623,2026-09-21 13:43:23.241091+05:30,2026-09-21 13:43:23.241091+05:30
238,10378,1320.00,36,624,2026-09-21 13:43:23.264464+05:30,2026-09-21 13:43:23.264464+05:30
238,10150,660.00,36,625,2026-09-21 13:43:23.264464+05:30,2026-09-21 13:43:23.264464+05:30
239,9695,2112.00,36,626,2026-09-21 13:43:23.286429+05:30,2026-09-21 13:43:23.286429+05:30
239,9696,528.00,36,627,2026-09-21 13:43:23.286429+05:30,2026-09-21 13:43:23.286429+05:30
240,10380,1320.00,36,628,2026-09-21 13:43:23.322830+05:30,2026-09-21 13:43:23.322830+05:30
240,9925,2112.00,36,629,2026-09-21 13:43:23.322830+05:30,2026-09-21 13:43:23.322830+05:30
240,9926,528.00,36,630,2026-09-21 13:43:23.322830+05:30,2026-09-21 13:43:23.322830+05:30
241,9697,1984.00,36,631,2026-09-21 13:43:23.345827+05:30,2026-09-21 13:43:23.345827+05:30
241,9698,496.00,36,632,2026-09-21 13:43:23.345827+05:30,2026-09-21 13:43:23.345827+05:30
241,9699,1500.00,36,633,2026-09-21 13:43:23.345827+05:30,2026-09-21 13:43:23.345827+05:30
242,10383,1990.00,36,634,2026-09-21 13:43:23.381659+05:30,2026-09-21 13:43:23.381659+05:30
242,9927,1984.00,36,635,2026-09-21 13:43:23.381659+05:30,2026-09-21 13:43:23.381659+05:30
242,9928,496.00,36,636,2026-09-21 13:43:23.381659+05:30,2026-09-21 13:43:23.381659+05:30
242,9929,1500.00,36,637,2026-09-21 13:43:23.381659+05:30,2026-09-21 13:43:23.381659+05:30
243,9700,1984.00,36,638,2026-09-21 13:43:23.405891+05:30,2026-09-21 13:43:23.405891+05:30
243,9701,496.00,36,639,2026-09-21 13:43:23.405891+05:30,2026-09-21 13:43:23.405891+05:30
244,10386,1240.00,36,640,2026-09-21 13:43:23.447041+05:30,2026-09-21 13:43:23.447041+05:30
244,9930,1984.00,36,641,2026-09-21 13:43:23.447041+05:30,2026-09-21 13:43:23.447041+05:30
244,9931,496.00,36,642,2026-09-21 13:43:23.447041+05:30,2026-09-21 13:43:23.447041+05:30
245,10387,1240.00,36,643,2026-09-21 13:43:23.476431+05:30,2026-09-21 13:43:23.476431+05:30
245,10160,620.00,36,644,2026-09-21 13:43:23.476431+05:30,2026-09-21 13:43:23.476431+05:30
246,9704,1984.00,36,645,2026-09-21 13:43:23.498156+05:30,2026-09-21 13:43:23.498156+05:30
246,9705,496.00,36,646,2026-09-21 13:43:23.498156+05:30,2026-09-21 13:43:23.498156+05:30
247,10389,1240.00,36,647,2026-09-21 13:43:23.536336+05:30,2026-09-21 13:43:23.536336+05:30
247,9934,1984.00,36,648,2026-09-21 13:43:23.536336+05:30,2026-09-21 13:43:23.536336+05:30
247,9935,496.00,36,649,2026-09-21 13:43:23.536336+05:30,2026-09-21 13:43:23.536336+05:30
248,9706,1984.00,36,650,2026-09-21 13:43:23.561473+05:30,2026-09-21 13:43:23.561473+05:30
248,9707,496.00,36,651,2026-09-21 13:43:23.561473+05:30,2026-09-21 13:43:23.561473+05:30
248,9708,800.00,36,652,2026-09-21 13:43:23.561473+05:30,2026-09-21 13:43:23.561473+05:30
249,10392,1640.00,36,653,2026-09-21 13:43:23.598397+05:30,2026-09-21 13:43:23.598397+05:30
249,9936,1984.00,36,654,2026-09-21 13:43:23.598397+05:30,2026-09-21 13:43:23.598397+05:30
249,9937,496.00,36,655,2026-09-21 13:43:23.598397+05:30,2026-09-21 13:43:23.598397+05:30
249,9938,800.00,36,656,2026-09-21 13:43:23.598397+05:30,2026-09-21 13:43:23.598397+05:30
250,10393,1640.00,36,657,2026-09-21 13:43:23.626136+05:30,2026-09-21 13:43:23.626136+05:30
250,10166,820.00,36,658,2026-09-21 13:43:23.626136+05:30,2026-09-21 13:43:23.626136+05:30
251,9711,1984.00,36,659,2026-09-21 13:43:23.646554+05:30,2026-09-21 13:43:23.646554+05:30
251,9712,496.00,36,660,2026-09-21 13:43:23.646554+05:30,2026-09-21 13:43:23.646554+05:30
252,10395,1240.00,36,661,2026-09-21 13:43:23.684804+05:30,2026-09-21 13:43:23.684804+05:30
252,9941,1984.00,36,662,2026-09-21 13:43:23.684804+05:30,2026-09-21 13:43:23.684804+05:30
252,9942,496.00,36,663,2026-09-21 13:43:23.684804+05:30,2026-09-21 13:43:23.684804+05:30
253,9713,1984.00,36,664,2026-09-21 13:43:23.710313+05:30,2026-09-21 13:43:23.710313+05:30
253,9714,496.00,36,665,2026-09-21 13:43:23.710313+05:30,2026-09-21 13:43:23.710313+05:30
254,10398,1240.00,36,666,2026-09-21 13:43:23.748878+05:30,2026-09-21 13:43:23.748878+05:30
254,9943,1984.00,36,667,2026-09-21 13:43:23.748878+05:30,2026-09-21 13:43:23.748878+05:30
254,9944,496.00,36,668,2026-09-21 13:43:23.748878+05:30,2026-09-21 13:43:23.748878+05:30
255,10399,1240.00,36,669,2026-09-21 13:43:23.774358+05:30,2026-09-21 13:43:23.774358+05:30
255,10173,620.00,36,670,2026-09-21 13:43:23.774358+05:30,2026-09-21 13:43:23.774358+05:30
256,9718,1984.00,36,671,2026-09-21 13:43:23.796257+05:30,2026-09-21 13:43:23.796257+05:30
256,9719,496.00,36,672,2026-09-21 13:43:23.796257+05:30,2026-09-21 13:43:23.796257+05:30
257,10401,1240.00,36,673,2026-09-21 13:43:23.832438+05:30,2026-09-21 13:43:23.832438+05:30
257,9948,1984.00,36,674,2026-09-21 13:43:23.832438+05:30,2026-09-21 13:43:23.832438+05:30
257,9949,496.00,36,675,2026-09-21 13:43:23.832438+05:30,2026-09-21 13:43:23.832438+05:30
258,9720,1856.00,36,676,2026-09-21 13:43:23.858884+05:30,2026-09-21 13:43:23.858884+05:30
258,9721,464.00,36,677,2026-09-21 13:43:23.858884+05:30,2026-09-21 13:43:23.858884+05:30
258,9722,1100.00,36,678,2026-09-21 13:43:23.858884+05:30,2026-09-21 13:43:23.858884+05:30
259,10404,1710.00,36,679,2026-09-21 13:43:23.896114+05:30,2026-09-21 13:43:23.896114+05:30
259,9950,1856.00,36,680,2026-09-21 13:43:23.896114+05:30,2026-09-21 13:43:23.896114+05:30
259,9951,464.00,36,681,2026-09-21 13:43:23.896114+05:30,2026-09-21 13:43:23.896114+05:30
259,9952,1100.00,36,682,2026-09-21 13:43:23.896114+05:30,2026-09-21 13:43:23.896114+05:30
260,9723,1856.00,36,683,2026-09-21 13:43:23.922786+05:30,2026-09-21 13:43:23.922786+05:30
260,9724,464.00,36,684,2026-09-21 13:43:23.922786+05:30,2026-09-21 13:43:23.922786+05:30
261,10407,1160.00,36,685,2026-09-21 13:43:23.958523+05:30,2026-09-21 13:43:23.958523+05:30
261,9953,1856.00,36,686,2026-09-21 13:43:23.958523+05:30,2026-09-21 13:43:23.958523+05:30
261,9954,464.00,36,687,2026-09-21 13:43:23.958523+05:30,2026-09-21 13:43:23.958523+05:30
262,10408,1160.00,36,688,2026-09-21 13:43:23.982679+05:30,2026-09-21 13:43:23.982679+05:30
262,10183,580.00,36,689,2026-09-21 13:43:23.982679+05:30,2026-09-21 13:43:23.982679+05:30
263,9727,1856.00,36,690,2026-09-21 13:43:24.007717+05:30,2026-09-21 13:43:24.007717+05:30
263,9728,464.00,36,691,2026-09-21 13:43:24.007717+05:30,2026-09-21 13:43:24.007717+05:30
264,10410,1160.00,36,692,2026-09-21 13:43:24.044607+05:30,2026-09-21 13:43:24.044607+05:30
264,9957,1856.00,36,693,2026-09-21 13:43:24.044607+05:30,2026-09-21 13:43:24.044607+05:30
264,9958,464.00,36,694,2026-09-21 13:43:24.044607+05:30,2026-09-21 13:43:24.044607+05:30
265,9729,1856.00,36,695,2026-09-21 13:43:24.072615+05:30,2026-09-21 13:43:24.072615+05:30
265,9730,464.00,36,696,2026-09-21 13:43:24.072615+05:30,2026-09-21 13:43:24.072615+05:30
265,9731,1500.00,36,697,2026-09-21 13:43:24.072615+05:30,2026-09-21 13:43:24.072615+05:30
266,10413,1910.00,36,698,2026-09-21 13:43:24.112636+05:30,2026-09-21 13:43:24.112636+05:30
266,9959,1856.00,36,699,2026-09-21 13:43:24.112636+05:30,2026-09-21 13:43:24.112636+05:30
266,9960,464.00,36,700,2026-09-21 13:43:24.112636+05:30,2026-09-21 13:43:24.112636+05:30
266,9961,1500.00,36,701,2026-09-21 13:43:24.112636+05:30,2026-09-21 13:43:24.112636+05:30
267,10414,1910.00,36,702,2026-09-21 13:43:24.138009+05:30,2026-09-21 13:43:24.138009+05:30
267,10189,955.00,36,703,2026-09-21 13:43:24.138009+05:30,2026-09-21 13:43:24.138009+05:30
268,9734,1856.00,36,704,2026-09-21 13:43:24.160038+05:30,2026-09-21 13:43:24.160038+05:30
268,9735,464.00,36,705,2026-09-21 13:43:24.160038+05:30,2026-09-21 13:43:24.160038+05:30
269,10416,1160.00,36,706,2026-09-21 13:43:24.196601+05:30,2026-09-21 13:43:24.196601+05:30
269,9964,1856.00,36,707,2026-09-21 13:43:24.196601+05:30,2026-09-21 13:43:24.196601+05:30
269,9965,464.00,36,708,2026-09-21 13:43:24.196601+05:30,2026-09-21 13:43:24.196601+05:30
270,9736,1856.00,36,709,2026-09-21 13:43:24.222241+05:30,2026-09-21 13:43:24.222241+05:30
270,9737,464.00,36,710,2026-09-21 13:43:24.222241+05:30,2026-09-21 13:43:24.222241+05:30
271,10419,1160.00,36,711,2026-09-21 13:43:24.259819+05:30,2026-09-21 13:43:24.259819+05:30
271,9966,1856.00,36,712,2026-09-21 13:43:24.259819+05:30,2026-09-21 13:43:24.259819+05:30
271,9967,464.00,36,713,2026-09-21 13:43:24.259819+05:30,2026-09-21 13:43:24.259819+05:30
272,10420,1160.00,36,714,2026-09-21 13:43:24.284433+05:30,2026-09-21 13:43:24.284433+05:30
272,10196,580.00,36,715,2026-09-21 13:43:24.284433+05:30,2026-09-21 13:43:24.284433+05:30
273,9741,1856.00,36,716,2026-09-21 13:43:24.308866+05:30,2026-09-21 13:43:24.308866+05:30
273,9742,464.00,36,717,2026-09-21 13:43:24.308866+05:30,2026-09-21 13:43:24.308866+05:30
274,10422,1160.00,36,718,2026-09-21 13:43:24.346995+05:30,2026-09-21 13:43:24.346995+05:30
274,9971,1856.00,36,719,2026-09-21 13:43:24.346995+05:30,2026-09-21 13:43:24.346995+05:30
274,9972,464.00,36,720,2026-09-21 13:43:24.346995+05:30,2026-09-21 13:43:24.346995+05:30
275,9743,1728.00,36,721,2026-09-21 13:43:24.372917+05:30,2026-09-21 13:43:24.372917+05:30
275,9744,432.00,36,722,2026-09-21 13:43:24.372917+05:30,2026-09-21 13:43:24.372917+05:30
275,9745,1100.00,36,723,2026-09-21 13:43:24.372917+05:30,2026-09-21 13:43:24.372917+05:30
276,10425,1630.00,36,724,2026-09-21 13:43:24.411157+05:30,2026-09-21 13:43:24.411157+05:30
276,9973,1728.00,36,725,2026-09-21 13:43:24.411157+05:30,2026-09-21 13:43:24.411157+05:30
276,9974,432.00,36,726,2026-09-21 13:43:24.411157+05:30,2026-09-21 13:43:24.411157+05:30
276,9975,1100.00,36,727,2026-09-21 13:43:24.411157+05:30,2026-09-21 13:43:24.411157+05:30
277,9746,1728.00,36,728,2026-09-21 13:43:24.437176+05:30,2026-09-21 13:43:24.437176+05:30
277,9747,432.00,36,729,2026-09-21 13:43:24.437176+05:30,2026-09-21 13:43:24.437176+05:30
278,10428,1080.00,36,730,2026-09-21 13:43:24.473650+05:30,2026-09-21 13:43:24.473650+05:30
278,9976,1728.00,36,731,2026-09-21 13:43:24.473650+05:30,2026-09-21 13:43:24.473650+05:30
278,9977,432.00,36,732,2026-09-21 13:43:24.473650+05:30,2026-09-21 13:43:24.473650+05:30
279,10429,1080.00,36,733,2026-09-21 13:43:24.496738+05:30,2026-09-21 13:43:24.496738+05:30
279,10206,540.00,36,734,2026-09-21 13:43:24.496738+05:30,2026-09-21 13:43:24.496738+05:30
280,9750,1728.00,36,735,2026-09-21 13:43:24.519526+05:30,2026-09-21 13:43:24.519526+05:30
280,9751,432.00,36,736,2026-09-21 13:43:24.519526+05:30,2026-09-21 13:43:24.519526+05:30
281,10431,1080.00,36,737,2026-09-21 13:43:24.556153+05:30,2026-09-21 13:43:24.556153+05:30
281,9980,1728.00,36,738,2026-09-21 13:43:24.556153+05:30,2026-09-21 13:43:24.556153+05:30
281,9981,432.00,36,739,2026-09-21 13:43:24.556153+05:30,2026-09-21 13:43:24.556153+05:30
282,9752,1728.00,36,740,2026-09-21 13:43:24.579991+05:30,2026-09-21 13:43:24.579991+05:30
282,9753,432.00,36,741,2026-09-21 13:43:24.579991+05:30,2026-09-21 13:43:24.579991+05:30
282,9754,1500.00,36,742,2026-09-21 13:43:24.579991+05:30,2026-09-21 13:43:24.579991+05:30
283,10434,1830.00,36,743,2026-09-21 13:43:24.618178+05:30,2026-09-21 13:43:24.618178+05:30
283,9982,1728.00,36,744,2026-09-21 13:43:24.618178+05:30,2026-09-21 13:43:24.618178+05:30
283,9983,432.00,36,745,2026-09-21 13:43:24.618178+05:30,2026-09-21 13:43:24.618178+05:30
283,9984,1500.00,36,746,2026-09-21 13:43:24.618178+05:30,2026-09-21 13:43:24.618178+05:30
284,10435,1830.00,36,747,2026-09-21 13:43:24.643307+05:30,2026-09-21 13:43:24.643307+05:30
284,10212,915.00,36,748,2026-09-21 13:43:24.643307+05:30,2026-09-21 13:43:24.643307+05:30
285,9757,1728.00,36,749,2026-09-21 13:43:24.665352+05:30,2026-09-21 13:43:24.665352+05:30
285,9758,432.00,36,750,2026-09-21 13:43:24.665352+05:30,2026-09-21 13:43:24.665352+05:30
286,10437,1080.00,36,751,2026-09-21 13:43:24.702210+05:30,2026-09-21 13:43:24.702210+05:30
286,9987,1728.00,36,752,2026-09-21 13:43:24.702210+05:30,2026-09-21 13:43:24.702210+05:30
286,9988,432.00,36,753,2026-09-21 13:43:24.702210+05:30,2026-09-21 13:43:24.702210+05:30
287,9759,1728.00,36,754,2026-09-21 13:43:24.737691+05:30,2026-09-21 13:43:24.737691+05:30
287,9760,432.00,36,755,2026-09-21 13:43:24.737691+05:30,2026-09-21 13:43:24.737691+05:30
288,10440,1080.00,36,756,2026-09-21 13:43:24.780483+05:30,2026-09-21 13:43:24.780483+05:30
288,9989,1728.00,36,757,2026-09-21 13:43:24.780483+05:30,2026-09-21 13:43:24.780483+05:30
288,9990,432.00,36,758,2026-09-21 13:43:24.780483+05:30,2026-09-21 13:43:24.780483+05:30
289,10441,1080.00,36,759,2026-09-21 13:43:24.814454+05:30,2026-09-21 13:43:24.814454+05:30
289,10219,540.00,36,760,2026-09-21 13:43:24.814454+05:30,2026-09-21 13:43:24.814454+05:30
290,9764,1728.00,36,761,2026-09-21 13:43:24.849658+05:30,2026-09-21 13:43:24.849658+05:30
290,9765,432.00,36,762,2026-09-21 13:43:24.849658+05:30,2026-09-21 13:43:24.849658+05:30
291,10443,1080.00,36,763,2026-09-21 13:43:24.928850+05:30,2026-09-21 13:43:24.928850+05:30
291,9994,1728.00,36,764,2026-09-21 13:43:24.928850+05:30,2026-09-21 13:43:24.928850+05:30
291,9995,432.00,36,765,2026-09-21 13:43:24.928850+05:30,2026-09-21 13:43:24.928850+05:30
292,9766,1600.00,36,766,2026-09-21 13:43:24.961083+05:30,2026-09-21 13:43:24.961083+05:30
292,9767,400.00,36,767,2026-09-21 13:43:24.961083+05:30,2026-09-21 13:43:24.961083+05:30
292,9768,800.00,36,768,2026-09-21 13:43:24.961083+05:30,2026-09-21 13:43:24.961083+05:30
293,10446,1400.00,36,769,2026-09-21 13:43:25.044230+05:30,2026-09-21 13:43:25.044230+05:30
293,9996,1600.00,36,770,2026-09-21 13:43:25.044230+05:30,2026-09-21 13:43:25.044230+05:30
293,9997,400.00,36,771,2026-09-21 13:43:25.044230+05:30,2026-09-21 13:43:25.044230+05:30
293,9998,800.00,36,772,2026-09-21 13:43:25.044230+05:30,2026-09-21 13:43:25.044230+05:30
294,9769,1600.00,36,773,2026-09-21 13:43:25.075313+05:30,2026-09-21 13:43:25.075313+05:30
294,9770,400.00,36,774,2026-09-21 13:43:25.075313+05:30,2026-09-21 13:43:25.075313+05:30
295,10449,1000.00,36,775,2026-09-21 13:43:25.114775+05:30,2026-09-21 13:43:25.114775+05:30
295,9999,1600.00,36,776,2026-09-21 13:43:25.114775+05:30,2026-09-21 13:43:25.114775+05:30
295,10000,400.00,36,777,2026-09-21 13:43:25.114775+05:30,2026-09-21 13:43:25.114775+05:30
296,10450,1000.00,36,778,2026-09-21 13:43:25.141159+05:30,2026-09-21 13:43:25.141159+05:30
296,10229,500.00,36,779,2026-09-21 13:43:25.141159+05:30,2026-09-21 13:43:25.141159+05:30
297,9773,1600.00,36,780,2026-09-21 13:43:25.163782+05:30,2026-09-21 13:43:25.163782+05:30
297,9774,400.00,36,781,2026-09-21 13:43:25.163782+05:30,2026-09-21 13:43:25.163782+05:30
298,10452,1000.00,36,782,2026-09-21 13:43:25.201589+05:30,2026-09-21 13:43:25.201589+05:30
298,10003,1600.00,36,783,2026-09-21 13:43:25.201589+05:30,2026-09-21 13:43:25.201589+05:30
298,10004,400.00,36,784,2026-09-21 13:43:25.201589+05:30,2026-09-21 13:43:25.201589+05:30
299,9775,1600.00,36,785,2026-09-21 13:43:25.227457+05:30,2026-09-21 13:43:25.227457+05:30
299,9776,400.00,36,786,2026-09-21 13:43:25.227457+05:30,2026-09-21 13:43:25.227457+05:30
299,9777,1100.00,36,787,2026-09-21 13:43:25.227457+05:30,2026-09-21 13:43:25.227457+05:30
300,10455,1550.00,36,788,2026-09-21 13:43:25.265673+05:30,2026-09-21 13:43:25.265673+05:30
300,10005,1600.00,36,789,2026-09-21 13:43:25.265673+05:30,2026-09-21 13:43:25.265673+05:30
300,10006,400.00,36,790,2026-09-21 13:43:25.265673+05:30,2026-09-21 13:43:25.265673+05:30
300,10007,1100.00,36,791,2026-09-21 13:43:25.265673+05:30,2026-09-21 13:43:25.265673+05:30
301,10456,1550.00,36,792,2026-09-21 13:43:25.292146+05:30,2026-09-21 13:43:25.292146+05:30
301,10235,775.00,36,793,2026-09-21 13:43:25.292146+05:30,2026-09-21 13:43:25.292146+05:30
302,9780,1600.00,36,794,2026-09-21 13:43:25.314977+05:30,2026-09-21 13:43:25.314977+05:30
302,9781,400.00,36,795,2026-09-21 13:43:25.314977+05:30,2026-09-21 13:43:25.314977+05:30
303,10458,1000.00,36,796,2026-09-21 13:43:25.353793+05:30,2026-09-21 13:43:25.353793+05:30
303,10010,1600.00,36,797,2026-09-21 13:43:25.353793+05:30,2026-09-21 13:43:25.353793+05:30
303,10011,400.00,36,798,2026-09-21 13:43:25.353793+05:30,2026-09-21 13:43:25.353793+05:30
304,9782,1600.00,36,799,2026-09-21 13:43:25.378609+05:30,2026-09-21 13:43:25.378609+05:30
304,9783,400.00,36,800,2026-09-21 13:43:25.378609+05:30,2026-09-21 13:43:25.378609+05:30
305,10461,1000.00,36,801,2026-09-21 13:43:25.415312+05:30,2026-09-21 13:43:25.415312+05:30
305,10012,1600.00,36,802,2026-09-21 13:43:25.415312+05:30,2026-09-21 13:43:25.415312+05:30
305,10013,400.00,36,803,2026-09-21 13:43:25.415312+05:30,2026-09-21 13:43:25.415312+05:30
306,10462,1000.00,36,804,2026-09-21 13:43:25.440999+05:30,2026-09-21 13:43:25.440999+05:30
306,10242,500.00,36,805,2026-09-21 13:43:25.440999+05:30,2026-09-21 13:43:25.440999+05:30
307,9787,1600.00,36,806,2026-09-21 13:43:25.462343+05:30,2026-09-21 13:43:25.462343+05:30
307,9788,400.00,36,807,2026-09-21 13:43:25.462343+05:30,2026-09-21 13:43:25.462343+05:30
308,10464,1000.00,36,808,2026-09-21 13:43:25.503968+05:30,2026-09-21 13:43:25.503968+05:30
308,10017,1600.00,36,809,2026-09-21 13:43:25.503968+05:30,2026-09-21 13:43:25.503968+05:30
308,10018,400.00,36,810,2026-09-21 13:43:25.503968+05:30,2026-09-21 13:43:25.503968+05:30
309,9789,1472.00,36,811,2026-09-21 13:43:25.528641+05:30,2026-09-21 13:43:25.528641+05:30
309,9790,368.00,36,812,2026-09-21 13:43:25.528641+05:30,2026-09-21 13:43:25.528641+05:30
309,9791,1100.00,36,813,2026-09-21 13:43:25.528641+05:30,2026-09-21 13:43:25.528641+05:30
310,10467,1470.00,36,814,2026-09-21 13:43:25.567780+05:30,2026-09-21 13:43:25.567780+05:30
310,10019,1472.00,36,815,2026-09-21 13:43:25.567780+05:30,2026-09-21 13:43:25.567780+05:30
310,10020,368.00,36,816,2026-09-21 13:43:25.567780+05:30,2026-09-21 13:43:25.567780+05:30
310,10021,1100.00,36,817,2026-09-21 13:43:25.567780+05:30,2026-09-21 13:43:25.567780+05:30
311,9792,1472.00,36,818,2026-09-21 13:43:25.593695+05:30,2026-09-21 13:43:25.593695+05:30
311,9793,368.00,36,819,2026-09-21 13:43:25.593695+05:30,2026-09-21 13:43:25.593695+05:30
312,10470,920.00,36,820,2026-09-21 13:43:25.631402+05:30,2026-09-21 13:43:25.631402+05:30
312,10022,1472.00,36,821,2026-09-21 13:43:25.631402+05:30,2026-09-21 13:43:25.631402+05:30
312,10023,368.00,36,822,2026-09-21 13:43:25.631402+05:30,2026-09-21 13:43:25.631402+05:30
313,10471,920.00,36,823,2026-09-21 13:43:25.657234+05:30,2026-09-21 13:43:25.657234+05:30
313,10252,460.00,36,824,2026-09-21 13:43:25.657234+05:30,2026-09-21 13:43:25.657234+05:30
314,9796,1472.00,36,825,2026-09-21 13:43:25.678624+05:30,2026-09-21 13:43:25.678624+05:30
314,9797,368.00,36,826,2026-09-21 13:43:25.678624+05:30,2026-09-21 13:43:25.678624+05:30
315,10473,920.00,36,827,2026-09-21 13:43:25.721072+05:30,2026-09-21 13:43:25.721072+05:30
315,10026,1472.00,36,828,2026-09-21 13:43:25.721072+05:30,2026-09-21 13:43:25.721072+05:30
315,10027,368.00,36,829,2026-09-21 13:43:25.721072+05:30,2026-09-21 13:43:25.721072+05:30
316,9798,1472.00,36,830,2026-09-21 13:43:25.746728+05:30,2026-09-21 13:43:25.746728+05:30
316,9799,368.00,36,831,2026-09-21 13:43:25.746728+05:30,2026-09-21 13:43:25.746728+05:30
316,9800,1100.00,36,832,2026-09-21 13:43:25.746728+05:30,2026-09-21 13:43:25.746728+05:30
317,10476,1470.00,36,833,2026-09-21 13:43:25.787962+05:30,2026-09-21 13:43:25.787962+05:30
317,10028,1472.00,36,834,2026-09-21 13:43:25.787962+05:30,2026-09-21 13:43:25.787962+05:30
317,10029,368.00,36,835,2026-09-21 13:43:25.787962+05:30,2026-09-21 13:43:25.787962+05:30
317,10030,1100.00,36,836,2026-09-21 13:43:25.787962+05:30,2026-09-21 13:43:25.787962+05:30
318,10477,1470.00,36,837,2026-09-21 13:43:25.810365+05:30,2026-09-21 13:43:25.810365+05:30
318,10258,735.00,36,838,2026-09-21 13:43:25.810365+05:30,2026-09-21 13:43:25.810365+05:30
319,9803,1472.00,36,839,2026-09-21 13:43:25.831797+05:30,2026-09-21 13:43:25.831797+05:30
319,9804,368.00,36,840,2026-09-21 13:43:25.831797+05:30,2026-09-21 13:43:25.831797+05:30
320,10479,920.00,36,841,2026-09-21 13:43:25.873320+05:30,2026-09-21 13:43:25.873320+05:30
320,10033,1472.00,36,842,2026-09-21 13:43:25.873320+05:30,2026-09-21 13:43:25.873320+05:30
320,10034,368.00,36,843,2026-09-21 13:43:25.873320+05:30,2026-09-21 13:43:25.873320+05:30
321,9805,1472.00,36,844,2026-09-21 13:43:25.899810+05:30,2026-09-21 13:43:25.899810+05:30
321,9806,368.00,36,845,2026-09-21 13:43:25.899810+05:30,2026-09-21 13:43:25.899810+05:30
322,10482,920.00,36,846,2026-09-21 13:43:25.934318+05:30,2026-09-21 13:43:25.934318+05:30
322,10035,1472.00,36,847,2026-09-21 13:43:25.934318+05:30,2026-09-21 13:43:25.934318+05:30
322,10036,368.00,36,848,2026-09-21 13:43:25.934318+05:30,2026-09-21 13:43:25.934318+05:30
323,10483,920.00,36,849,2026-09-21 13:43:25.956185+05:30,2026-09-21 13:43:25.956185+05:30
323,10265,460.00,36,850,2026-09-21 13:43:25.956185+05:30,2026-09-21 13:43:25.956185+05:30
324,9810,1472.00,36,851,2026-09-21 13:43:25.976107+05:30,2026-09-21 13:43:25.976107+05:30
324,9811,368.00,36,852,2026-09-21 13:43:25.976107+05:30,2026-09-21 13:43:25.976107+05:30
325,10485,920.00,36,853,2026-09-21 13:43:26.020161+05:30,2026-09-21 13:43:26.020161+05:30
325,10040,1472.00,36,854,2026-09-21 13:43:26.020161+05:30,2026-09-21 13:43:26.020161+05:30
325,10041,368.00,36,855,2026-09-21 13:43:26.020161+05:30,2026-09-21 13:43:26.020161+05:30
326,9812,1344.00,36,856,2026-09-21 13:43:26.046289+05:30,2026-09-21 13:43:26.046289+05:30
326,9813,336.00,36,857,2026-09-21 13:43:26.046289+05:30,2026-09-21 13:43:26.046289+05:30
326,9814,800.00,36,858,2026-09-21 13:43:26.046289+05:30,2026-09-21 13:43:26.046289+05:30
327,10488,1240.00,36,859,2026-09-21 13:43:26.080675+05:30,2026-09-21 13:43:26.080675+05:30
327,10042,1344.00,36,860,2026-09-21 13:43:26.080675+05:30,2026-09-21 13:43:26.080675+05:30
327,10043,336.00,36,861,2026-09-21 13:43:26.080675+05:30,2026-09-21 13:43:26.080675+05:30
327,10044,800.00,36,862,2026-09-21 13:43:26.080675+05:30,2026-09-21 13:43:26.080675+05:30
328,9815,1344.00,36,863,2026-09-21 13:43:26.104015+05:30,2026-09-21 13:43:26.104015+05:30
328,9816,336.00,36,864,2026-09-21 13:43:26.104015+05:30,2026-09-21 13:43:26.104015+05:30
329,10491,840.00,36,865,2026-09-21 13:43:26.137733+05:30,2026-09-21 13:43:26.137733+05:30
329,10045,1344.00,36,866,2026-09-21 13:43:26.137733+05:30,2026-09-21 13:43:26.137733+05:30
329,10046,336.00,36,867,2026-09-21 13:43:26.137733+05:30,2026-09-21 13:43:26.137733+05:30
330,10492,840.00,36,868,2026-09-21 13:43:26.162442+05:30,2026-09-21 13:43:26.162442+05:30
330,10275,420.00,36,869,2026-09-21 13:43:26.162442+05:30,2026-09-21 13:43:26.162442+05:30
331,9819,1344.00,36,870,2026-09-21 13:43:26.183075+05:30,2026-09-21 13:43:26.183075+05:30
331,9820,336.00,36,871,2026-09-21 13:43:26.183075+05:30,2026-09-21 13:43:26.183075+05:30
332,10494,840.00,36,872,2026-09-21 13:43:26.216870+05:30,2026-09-21 13:43:26.216870+05:30
332,10049,1344.00,36,873,2026-09-21 13:43:26.216870+05:30,2026-09-21 13:43:26.216870+05:30
332,10050,336.00,36,874,2026-09-21 13:43:26.216870+05:30,2026-09-21 13:43:26.216870+05:30
333,9821,1344.00,36,875,2026-09-21 13:43:26.239779+05:30,2026-09-21 13:43:26.239779+05:30
333,9822,336.00,36,876,2026-09-21 13:43:26.239779+05:30,2026-09-21 13:43:26.239779+05:30
333,9823,800.00,36,877,2026-09-21 13:43:26.239779+05:30,2026-09-21 13:43:26.239779+05:30
334,10497,1240.00,36,878,2026-09-21 13:43:26.272858+05:30,2026-09-21 13:43:26.272858+05:30
334,10051,1344.00,36,879,2026-09-21 13:43:26.272858+05:30,2026-09-21 13:43:26.272858+05:30
334,10052,336.00,36,880,2026-09-21 13:43:26.272858+05:30,2026-09-21 13:43:26.272858+05:30
334,10053,800.00,36,881,2026-09-21 13:43:26.272858+05:30,2026-09-21 13:43:26.272858+05:30
335,10498,1240.00,36,882,2026-09-21 13:43:26.295327+05:30,2026-09-21 13:43:26.295327+05:30
335,10281,620.00,36,883,2026-09-21 13:43:26.295327+05:30,2026-09-21 13:43:26.295327+05:30
336,9826,1344.00,36,884,2026-09-21 13:43:26.316108+05:30,2026-09-21 13:43:26.316108+05:30
336,9827,336.00,36,885,2026-09-21 13:43:26.316108+05:30,2026-09-21 13:43:26.316108+05:30
337,10500,840.00,36,886,2026-09-21 13:43:26.349809+05:30,2026-09-21 13:43:26.349809+05:30
337,10056,1344.00,36,887,2026-09-21 13:43:26.349809+05:30,2026-09-21 13:43:26.349809+05:30
337,10057,336.00,36,888,2026-09-21 13:43:26.349809+05:30,2026-09-21 13:43:26.349809+05:30
338,9828,1344.00,36,889,2026-09-21 13:43:26.372285+05:30,2026-09-21 13:43:26.372285+05:30
338,9829,336.00,36,890,2026-09-21 13:43:26.372285+05:30,2026-09-21 13:43:26.372285+05:30
339,10503,840.00,36,891,2026-09-21 13:43:26.441444+05:30,2026-09-21 13:43:26.441444+05:30
339,10058,1344.00,36,892,2026-09-21 13:43:26.441444+05:30,2026-09-21 13:43:26.441444+05:30
339,10059,336.00,36,893,2026-09-21 13:43:26.441444+05:30,2026-09-21 13:43:26.441444+05:30
340,10504,840.00,36,894,2026-09-21 13:43:26.466957+05:30,2026-09-21 13:43:26.466957+05:30
340,10288,420.00,36,895,2026-09-21 13:43:26.466957+05:30,2026-09-21 13:43:26.466957+05:30
341,9833,1344.00,36,896,2026-09-21 13:43:26.487525+05:30,2026-09-21 13:43:26.487525+05:30
341,9834,336.00,36,897,2026-09-21 13:43:26.487525+05:30,2026-09-21 13:43:26.487525+05:30
342,10506,840.00,36,898,2026-09-21 13:43:26.521140+05:30,2026-09-21 13:43:26.521140+05:30
342,10063,1344.00,36,899,2026-09-21 13:43:26.521140+05:30,2026-09-21 13:43:26.521140+05:30
342,10064,336.00,36,900,2026-09-21 13:43:26.521140+05:30,2026-09-21 13:43:26.521140+05:30
343,9835,1216.00,36,901,2026-09-21 13:43:26.542626+05:30,2026-09-21 13:43:26.542626+05:30
343,9836,304.00,36,902,2026-09-21 13:43:26.542626+05:30,2026-09-21 13:43:26.542626+05:30
343,9837,1500.00,36,903,2026-09-21 13:43:26.542626+05:30,2026-09-21 13:43:26.542626+05:30
344,10509,1510.00,36,904,2026-09-21 13:43:26.576795+05:30,2026-09-21 13:43:26.576795+05:30
344,10065,1216.00,36,905,2026-09-21 13:43:26.576795+05:30,2026-09-21 13:43:26.576795+05:30
344,10066,304.00,36,906,2026-09-21 13:43:26.576795+05:30,2026-09-21 13:43:26.576795+05:30
344,10067,1500.00,36,907,2026-09-21 13:43:26.576795+05:30,2026-09-21 13:43:26.576795+05:30
345,9838,1216.00,36,908,2026-09-21 13:43:26.599720+05:30,2026-09-21 13:43:26.599720+05:30
345,9839,304.00,36,909,2026-09-21 13:43:26.599720+05:30,2026-09-21 13:43:26.599720+05:30
346,10512,760.00,36,910,2026-09-21 13:43:26.634906+05:30,2026-09-21 13:43:26.634906+05:30
346,10068,1216.00,36,911,2026-09-21 13:43:26.634906+05:30,2026-09-21 13:43:26.634906+05:30
346,10069,304.00,36,912,2026-09-21 13:43:26.634906+05:30,2026-09-21 13:43:26.634906+05:30
347,10513,760.00,36,913,2026-09-21 13:43:26.656324+05:30,2026-09-21 13:43:26.656324+05:30
347,10298,380.00,36,914,2026-09-21 13:43:26.656324+05:30,2026-09-21 13:43:26.656324+05:30
348,9842,1216.00,36,915,2026-09-21 13:43:26.676388+05:30,2026-09-21 13:43:26.676388+05:30
348,9843,304.00,36,916,2026-09-21 13:43:26.676388+05:30,2026-09-21 13:43:26.676388+05:30
349,10515,760.00,36,917,2026-09-21 13:43:26.712507+05:30,2026-09-21 13:43:26.712507+05:30
349,10072,1216.00,36,918,2026-09-21 13:43:26.712507+05:30,2026-09-21 13:43:26.712507+05:30
349,10073,304.00,36,919,2026-09-21 13:43:26.712507+05:30,2026-09-21 13:43:26.712507+05:30
350,9844,1216.00,36,920,2026-09-21 13:43:26.741065+05:30,2026-09-21 13:43:26.741065+05:30
350,9845,304.00,36,921,2026-09-21 13:43:26.741065+05:30,2026-09-21 13:43:26.741065+05:30
350,9846,1100.00,36,922,2026-09-21 13:43:26.741065+05:30,2026-09-21 13:43:26.741065+05:30
351,10518,1310.00,36,923,2026-09-21 13:43:26.775478+05:30,2026-09-21 13:43:26.775478+05:30
351,10074,1216.00,36,924,2026-09-21 13:43:26.775478+05:30,2026-09-21 13:43:26.775478+05:30
351,10075,304.00,36,925,2026-09-21 13:43:26.775478+05:30,2026-09-21 13:43:26.775478+05:30
351,10076,1100.00,36,926,2026-09-21 13:43:26.775478+05:30,2026-09-21 13:43:26.775478+05:30
352,10519,1310.00,36,927,2026-09-21 13:43:26.797749+05:30,2026-09-21 13:43:26.797749+05:30
352,10304,655.00,36,928,2026-09-21 13:43:26.797749+05:30,2026-09-21 13:43:26.797749+05:30
353,9849,1216.00,36,929,2026-09-21 13:43:26.826245+05:30,2026-09-21 13:43:26.826245+05:30
353,9850,304.00,36,930,2026-09-21 13:43:26.826245+05:30,2026-09-21 13:43:26.826245+05:30
354,10521,760.00,36,931,2026-09-21 13:43:26.860636+05:30,2026-09-21 13:43:26.860636+05:30
354,10079,1216.00,36,932,2026-09-21 13:43:26.860636+05:30,2026-09-21 13:43:26.860636+05:30
354,10080,304.00,36,933,2026-09-21 13:43:26.860636+05:30,2026-09-21 13:43:26.860636+05:30
355,9851,1216.00,36,934,2026-09-21 13:43:26.882803+05:30,2026-09-21 13:43:26.882803+05:30
355,9852,304.00,36,935,2026-09-21 13:43:26.882803+05:30,2026-09-21 13:43:26.882803+05:30
356,10524,760.00,36,936,2026-09-21 13:43:26.916033+05:30,2026-09-21 13:43:26.916033+05:30
356,10081,1216.00,36,937,2026-09-21 13:43:26.916033+05:30,2026-09-21 13:43:26.916033+05:30
356,10082,304.00,36,938,2026-09-21 13:43:26.916033+05:30,2026-09-21 13:43:26.916033+05:30
357,10525,760.00,36,939,2026-09-21 13:43:26.939286+05:30,2026-09-21 13:43:26.939286+05:30
357,10311,380.00,36,940,2026-09-21 13:43:26.939286+05:30,2026-09-21 13:43:26.939286+05:30
358,9856,1216.00,36,941,2026-09-21 13:43:26.959614+05:30,2026-09-21 13:43:26.959614+05:30
358,9857,304.00,36,942,2026-09-21 13:43:26.959614+05:30,2026-09-21 13:43:26.959614+05:30
359,10527,760.00,36,943,2026-09-21 13:43:26.994122+05:30,2026-09-21 13:43:26.994122+05:30
359,10086,1216.00,36,944,2026-09-21 13:43:26.994122+05:30,2026-09-21 13:43:26.994122+05:30
359,10087,304.00,36,945,2026-09-21 13:43:26.994122+05:30,2026-09-21 13:43:26.994122+05:30
360,9858,1088.00,36,946,2026-09-21 13:43:27.019018+05:30,2026-09-21 13:43:27.019018+05:30
360,9859,272.00,36,947,2026-09-21 13:43:27.019018+05:30,2026-09-21 13:43:27.019018+05:30
360,9860,1500.00,36,948,2026-09-21 13:43:27.019018+05:30,2026-09-21 13:43:27.019018+05:30
361,10530,1430.00,36,949,2026-09-21 13:43:27.054747+05:30,2026-09-21 13:43:27.054747+05:30
361,10088,1088.00,36,950,2026-09-21 13:43:27.054747+05:30,2026-09-21 13:43:27.054747+05:30
361,10089,272.00,36,951,2026-09-21 13:43:27.054747+05:30,2026-09-21 13:43:27.054747+05:30
361,10090,1500.00,36,952,2026-09-21 13:43:27.054747+05:30,2026-09-21 13:43:27.054747+05:30
362,9861,1088.00,36,953,2026-09-21 13:43:27.076587+05:30,2026-09-21 13:43:27.076587+05:30
362,9862,272.00,36,954,2026-09-21 13:43:27.076587+05:30,2026-09-21 13:43:27.076587+05:30
363,10533,680.00,36,955,2026-09-21 13:43:27.110331+05:30,2026-09-21 13:43:27.110331+05:30
363,10091,1088.00,36,956,2026-09-21 13:43:27.110331+05:30,2026-09-21 13:43:27.110331+05:30
363,10092,272.00,36,957,2026-09-21 13:43:27.110331+05:30,2026-09-21 13:43:27.110331+05:30
364,10534,680.00,36,958,2026-09-21 13:43:27.134717+05:30,2026-09-21 13:43:27.134717+05:30
364,10321,340.00,36,959,2026-09-21 13:43:27.134717+05:30,2026-09-21 13:43:27.134717+05:30
365,9865,1088.00,36,960,2026-09-21 13:43:27.155153+05:30,2026-09-21 13:43:27.155153+05:30
365,9866,272.00,36,961,2026-09-21 13:43:27.155153+05:30,2026-09-21 13:43:27.155153+05:30
366,10536,680.00,36,962,2026-09-21 13:43:27.190023+05:30,2026-09-21 13:43:27.190023+05:30
366,10095,1088.00,36,963,2026-09-21 13:43:27.190023+05:30,2026-09-21 13:43:27.190023+05:30
366,10096,272.00,36,964,2026-09-21 13:43:27.190023+05:30,2026-09-21 13:43:27.190023+05:30
367,9867,1088.00,36,965,2026-09-21 13:43:27.211849+05:30,2026-09-21 13:43:27.211849+05:30
367,9868,272.00,36,966,2026-09-21 13:43:27.211849+05:30,2026-09-21 13:43:27.211849+05:30
367,9869,800.00,36,967,2026-09-21 13:43:27.211849+05:30,2026-09-21 13:43:27.211849+05:30
368,10539,1080.00,36,968,2026-09-21 13:43:27.245462+05:30,2026-09-21 13:43:27.245462+05:30
368,10097,1088.00,36,969,2026-09-21 13:43:27.245462+05:30,2026-09-21 13:43:27.245462+05:30
368,10098,272.00,36,970,2026-09-21 13:43:27.245462+05:30,2026-09-21 13:43:27.245462+05:30
368,10099,800.00,36,971,2026-09-21 13:43:27.245462+05:30,2026-09-21 13:43:27.245462+05:30
369,10540,1080.00,36,972,2026-09-21 13:43:27.270068+05:30,2026-09-21 13:43:27.270068+05:30
369,10327,540.00,36,973,2026-09-21 13:43:27.270068+05:30,2026-09-21 13:43:27.270068+05:30
370,9872,1088.00,36,974,2026-09-21 13:43:27.291073+05:30,2026-09-21 13:43:27.291073+05:30
370,9873,272.00,36,975,2026-09-21 13:43:27.291073+05:30,2026-09-21 13:43:27.291073+05:30
371,10542,680.00,36,976,2026-09-21 13:43:27.325741+05:30,2026-09-21 13:43:27.325741+05:30
371,10102,1088.00,36,977,2026-09-21 13:43:27.325741+05:30,2026-09-21 13:43:27.325741+05:30
371,10103,272.00,36,978,2026-09-21 13:43:27.325741+05:30,2026-09-21 13:43:27.325741+05:30
372,9874,1088.00,36,979,2026-09-21 13:43:27.347740+05:30,2026-09-21 13:43:27.347740+05:30
372,9875,272.00,36,980,2026-09-21 13:43:27.347740+05:30,2026-09-21 13:43:27.347740+05:30
373,10545,680.00,36,981,2026-09-21 13:43:27.382116+05:30,2026-09-21 13:43:27.382116+05:30
373,10104,1088.00,36,982,2026-09-21 13:43:27.382116+05:30,2026-09-21 13:43:27.382116+05:30
373,10105,272.00,36,983,2026-09-21 13:43:27.382116+05:30,2026-09-21 13:43:27.382116+05:30
374,10546,680.00,36,984,2026-09-21 13:43:27.407685+05:30,2026-09-21 13:43:27.407685+05:30
374,10334,340.00,36,985,2026-09-21 13:43:27.407685+05:30,2026-09-21 13:43:27.407685+05:30
375,9879,1088.00,36,986,2026-09-21 13:43:27.428546+05:30,2026-09-21 13:43:27.428546+05:30
375,9880,272.00,36,987,2026-09-21 13:43:27.428546+05:30,2026-09-21 13:43:27.428546+05:30
376,10548,680.00,36,988,2026-09-21 13:43:27.461086+05:30,2026-09-21 13:43:27.461086+05:30
376,10109,1088.00,36,989,2026-09-21 13:43:27.461086+05:30,2026-09-21 13:43:27.461086+05:30
376,10110,272.00,36,990,2026-09-21 13:43:27.461086+05:30,2026-09-21 13:43:27.461086+05:30
