role_id,permission_id,school_id,id,created_at,updated_at
44,230,36,1031,2026-09-21 13:42:20.897635+05:30,2026-09-21 13:42:20.897635+05:30
44,196,36,1032,2026-09-21 13:42:20.897635+05:30,2026-09-21 13:42:20.897635+05:30
44,251,36,1033,2026-09-21 13:42:20.897635+05:30,2026-09-21 13:42:20.897635+05:30
44,256,36,1034,2026-09-21 13:42:20.897635+05:30,2026-09-21 13:42:20.897635+05:30
44,214,36,1035,2026-09-21 13:42:20.897635+05:30,2026-09-21 13:42:20.897635+05:30
44,245,36,1036,2026-09-21 13:42:20.897635+05:30,2026-09-21 13:42:20.897635+05:30
44,204,36,1037,2026-09-21 13:42:20.897635+05:30,2026-09-21 13:42:20.897635+05:30
44,263,36,1038,2026-09-21 13:42:20.897635+05:30,2026-09-21 13:42:20.897635+05:30
44,192,36,1039,2026-09-21 13:42:20.897635+05:30,2026-09-21 13:42:20.897635+05:30
44,272,36,1040,2026-09-21 13:42:20.897635+05:30,2026-09-21 13:42:20.897635+05:30
44,243,36,1041,2026-09-21 13:42:20.897635+05:30,2026-09-21 13:42:20.897635+05:30
44,250,36,1042,2026-09-21 13:42:20.897635+05:30,2026-09-21 13:42:20.897635+05:30
44,253,36,1043,2026-09-21 13:42:20.897635+05:30,2026-09-21 13:42:20.897635+05:30
44,193,36,1044,2026-09-21 13:42:20.897635+05:30,2026-09-21 13:42:20.897635+05:30
44,198,36,1045,2026-09-21 13:42:20.897635+05:30,2026-09-21 13:42:20.897635+05:30
44,236,36,1046,2026-09-21 13:42:20.897635+05:30,2026-09-21 13:42:20.897635+05:30
44,246,36,1047,2026-09-21 13:42:20.897635+05:30,2026-09-21 13:42:20.897635+05:30
44,225,36,1048,2026-09-21 13:42:20.897635+05:30,2026-09-21 13:42:20.897635+05:30
44,205,36,1049,2026-09-21 13:42:20.897635+05:30,2026-09-21 13:42:20.897635+05:30
44,202,36,1050,2026-09-21 13:42:20.897635+05:30,2026-09-21 13:42:20.897635+05:30
44,247,36,1051,2026-09-21 13:42:20.897635+05:30,2026-09-21 13:42:20.897635+05:30
44,261,36,1052,2026-09-21 13:42:20.897635+05:30,2026-09-21 13:42:20.897635+05:30
44,215,36,1053,2026-09-21 13:42:20.897635+05:30,2026-09-21 13:42:20.897635+05:30
44,216,36,1054,2026-09-21 13:42:20.897635+05:30,2026-09-21 13:42:20.897635+05:30
44,212,36,1055,2026-09-21 13:42:20.897635+05:30,2026-09-21 13:42:20.897635+05:30
44,187,36,1056,2026-09-21 13:42:20.897635+05:30,2026-09-21 13:42:20.897635+05:30
44,224,36,1057,2026-09-21 13:42:20.897635+05:30,2026-09-21 13:42:20.897635+05:30
44,244,36,1058,2026-09-21 13:42:20.897635+05:30,2026-09-21 13:42:20.897635+05:30
44,252,36,1059,2026-09-21 13:42:20.897635+05:30,2026-09-21 13:42:20.897635+05:30
44,241,36,1060,2026-09-21 13:42:20.897635+05:30,2026-09-21 13:42:20.897635+05:30
44,259,36,1061,2026-09-21 13:42:20.897635+05:30,2026-09-21 13:42:20.897635+05:30
44,270,36,1062,2026-09-21 13:42:20.897635+05:30,2026-09-21 13:42:20.897635+05:30
44,210,36,1063,2026-09-21 13:42:20.897635+05:30,2026-09-21 13:42:20.897635+05:30
44,234,36,1064,2026-09-21 13:42:20.897635+05:30,2026-09-21 13:42:20.897635+05:30
44,258,36,1065,2026-09-21 13:42:20.897635+05:30,2026-09-21 13:42:20.897635+05:30
44,200,36,1066,2026-09-21 13:42:20.897635+05:30,2026-09-21 13:42:20.897635+05:30
44,229,36,1067,2026-09-21 13:42:20.897635+05:30,2026-09-21 13:42:20.897635+05:30
44,239,36,1068,2026-09-21 13:42:20.897635+05:30,2026-09-21 13:42:20.897635+05:30
44,211,36,1069,2026-09-21 13:42:20.897635+05:30,2026-09-21 13:42:20.897635+05:30
44,223,36,1070,2026-09-21 13:42:20.897635+05:30,2026-09-21 13:42:20.897635+05:30
44,231,36,1071,2026-09-21 13:42:20.897635+05:30,2026-09-21 13:42:20.897635+05:30
44,262,36,1072,2026-09-21 13:42:20.897635+05:30,2026-09-21 13:42:20.897635+05:30
44,226,36,1073,2026-09-21 13:42:20.897635+05:30,2026-09-21 13:42:20.897635+05:30
44,237,36,1074,2026-09-21 13:42:20.897635+05:30,2026-09-21 13:42:20.897635+05:30
44,188,36,1075,2026-09-21 13:42:20.897635+05:30,2026-09-21 13:42:20.897635+05:30
44,240,36,1076,2026-09-21 13:42:20.897635+05:30,2026-09-21 13:42:20.897635+05:30
44,238,36,1077,2026-09-21 13:42:20.897635+05:30,2026-09-21 13:42:20.897635+05:30
44,218,36,1078,2026-09-21 13:42:20.897635+05:30,2026-09-21 13:42:20.897635+05:30
44,185,36,1079,2026-09-21 13:42:20.897635+05:30,2026-09-21 13:42:20.897635+05:30
44,264,36,1080,2026-09-21 13:42:20.897635+05:30,2026-09-21 13:42:20.897635+05:30
44,208,36,1081,2026-09-21 13:42:20.897635+05:30,2026-09-21 13:42:20.897635+05:30
44,222,36,1082,2026-09-21 13:42:20.897635+05:30,2026-09-21 13:42:20.897635+05:30
44,189,36,1083,2026-09-21 13:42:20.897635+05:30,2026-09-21 13:42:20.897635+05:30
44,269,36,1084,2026-09-21 13:42:20.897635+05:30,2026-09-21 13:42:20.897635+05:30
44,232,36,1085,2026-09-21 13:42:20.897635+05:30,2026-09-21 13:42:20.897635+05:30
44,227,36,1086,2026-09-21 13:42:20.897635+05:30,2026-09-21 13:42:20.897635+05:30
44,184,36,1087,2026-09-21 13:42:20.897635+05:30,2026-09-21 13:42:20.897635+05:30
44,220,36,1088,2026-09-21 13:42:20.897635+05:30,2026-09-21 13:42:20.897635+05:30
44,217,36,1089,2026-09-21 13:42:20.897635+05:30,2026-09-21 13:42:20.897635+05:30
44,254,36,1090,2026-09-21 13:42:20.897635+05:30,2026-09-21 13:42:20.897635+05:30
44,260,36,1091,2026-09-21 13:42:20.897635+05:30,2026-09-21 13:42:20.897635+05:30
44,194,36,1092,2026-09-21 13:42:20.897635+05:30,2026-09-21 13:42:20.897635+05:30
44,255,36,1093,2026-09-21 13:42:20.897635+05:30,2026-09-21 13:42:20.897635+05:30
44,190,36,1094,2026-09-21 13:42:20.897635+05:30,2026-09-21 13:42:20.897635+05:30
44,209,36,1095,2026-09-21 13:42:20.897635+05:30,2026-09-21 13:42:20.897635+05:30
44,221,36,1096,2026-09-21 13:42:20.897635+05:30,2026-09-21 13:42:20.897635+05:30
44,235,36,1097,2026-09-21 13:42:20.897635+05:30,2026-09-21 13:42:20.897635+05:30
44,242,36,1098,2026-09-21 13:42:20.897635+05:30,2026-09-21 13:42:20.897635+05:30
44,197,36,1099,2026-09-21 13:42:20.897635+05:30,2026-09-21 13:42:20.897635+05:30
44,207,36,1100,2026-09-21 13:42:20.897635+05:30,2026-09-21 13:42:20.897635+05:30
44,271,36,1101,2026-09-21 13:42:20.897635+05:30,2026-09-21 13:42:20.897635+05:30
44,195,36,1102,2026-09-21 13:42:20.897635+05:30,2026-09-21 13:42:20.897635+05:30
44,228,36,1103,2026-09-21 13:42:20.897635+05:30,2026-09-21 13:42:20.897635+05:30
44,267,36,1104,2026-09-21 13:42:20.897635+05:30,2026-09-21 13:42:20.897635+05:30
44,183,36,1105,2026-09-21 13:42:20.897635+05:30,2026-09-21 13:42:20.897635+05:30
44,199,36,1106,2026-09-21 13:42:20.897635+05:30,2026-09-21 13:42:20.897635+05:30
44,206,36,1107,2026-09-21 13:42:20.897635+05:30,2026-09-21 13:42:20.897635+05:30
44,249,36,1108,2026-09-21 13:42:20.897635+05:30,2026-09-21 13:42:20.897635+05:30
44,233,36,1109,2026-09-21 13:42:20.897635+05:30,2026-09-21 13:42:20.897635+05:30
44,268,36,1110,2026-09-21 13:42:20.897635+05:30,2026-09-21 13:42:20.897635+05:30
44,203,36,1111,2026-09-21 13:42:20.897635+05:30,2026-09-21 13:42:20.897635+05:30
44,248,36,1112,2026-09-21 13:42:20.897635+05:30,2026-09-21 13:42:20.897635+05:30
44,186,36,1113,2026-09-21 13:42:20.897635+05:30,2026-09-21 13:42:20.897635+05:30
44,219,36,1114,2026-09-21 13:42:20.897635+05:30,2026-09-21 13:42:20.897635+05:30
44,273,36,1115,2026-09-21 13:42:20.897635+05:30,2026-09-21 13:42:20.897635+05:30
44,213,36,1116,2026-09-21 13:42:20.897635+05:30,2026-09-21 13:42:20.897635+05:30
44,201,36,1117,2026-09-21 13:42:20.897635+05:30,2026-09-21 13:42:20.897635+05:30
44,257,36,1118,2026-09-21 13:42:20.897635+05:30,2026-09-21 13:42:20.897635+05:30
44,265,36,1119,2026-09-21 13:42:20.897635+05:30,2026-09-21 13:42:20.897635+05:30
44,266,36,1120,2026-09-21 13:42:20.897635+05:30,2026-09-21 13:42:20.897635+05:30
44,191,36,1121,2026-09-21 13:42:20.897635+05:30,2026-09-21 13:42:20.897635+05:30
45,230,36,1122,2026-09-21 13:42:20.897635+05:30,2026-09-21 13:42:20.897635+05:30
45,196,36,1123,2026-09-21 13:42:20.897635+05:30,2026-09-21 13:42:20.897635+05:30
45,256,36,1124,2026-09-21 13:42:20.897635+05:30,2026-09-21 13:42:20.897635+05:30
45,214,36,1125,2026-09-21 13:42:20.897635+05:30,2026-09-21 13:42:20.897635+05:30
45,245,36,1126,2026-09-21 13:42:20.897635+05:30,2026-09-21 13:42:20.897635+05:30
45,263,36,1127,2026-09-21 13:42:20.897635+05:30,2026-09-21 13:42:20.897635+05:30
45,192,36,1128,2026-09-21 13:42:20.897635+05:30,2026-09-21 13:42:20.897635+05:30
45,272,36,1129,2026-09-21 13:42:20.897635+05:30,2026-09-21 13:42:20.897635+05:30
45,243,36,1130,2026-09-21 13:42:20.897635+05:30,2026-09-21 13:42:20.897635+05:30
45,250,36,1131,2026-09-21 13:42:20.897635+05:30,2026-09-21 13:42:20.897635+05:30
45,253,36,1132,2026-09-21 13:42:20.897635+05:30,2026-09-21 13:42:20.897635+05:30
45,193,36,1133,2026-09-21 13:42:20.897635+05:30,2026-09-21 13:42:20.897635+05:30
45,198,36,1134,2026-09-21 13:42:20.897635+05:30,2026-09-21 13:42:20.897635+05:30
45,236,36,1135,2026-09-21 13:42:20.897635+05:30,2026-09-21 13:42:20.897635+05:30
45,246,36,1136,2026-09-21 13:42:20.897635+05:30,2026-09-21 13:42:20.897635+05:30
45,225,36,1137,2026-09-21 13:42:20.897635+05:30,2026-09-21 13:42:20.897635+05:30
45,205,36,1138,2026-09-21 13:42:20.897635+05:30,2026-09-21 13:42:20.897635+05:30
45,202,36,1139,2026-09-21 13:42:20.897635+05:30,2026-09-21 13:42:20.897635+05:30
45,247,36,1140,2026-09-21 13:42:20.897635+05:30,2026-09-21 13:42:20.897635+05:30
45,261,36,1141,2026-09-21 13:42:20.897635+05:30,2026-09-21 13:42:20.897635+05:30
45,215,36,1142,2026-09-21 13:42:20.897635+05:30,2026-09-21 13:42:20.897635+05:30
45,216,36,1143,2026-09-21 13:42:20.897635+05:30,2026-09-21 13:42:20.897635+05:30
45,187,36,1144,2026-09-21 13:42:20.897635+05:30,2026-09-21 13:42:20.897635+05:30
45,244,36,1145,2026-09-21 13:42:20.897635+05:30,2026-09-21 13:42:20.897635+05:30
45,224,36,1146,2026-09-21 13:42:20.897635+05:30,2026-09-21 13:42:20.897635+05:30
45,241,36,1147,2026-09-21 13:42:20.897635+05:30,2026-09-21 13:42:20.897635+05:30
45,259,36,1148,2026-09-21 13:42:20.897635+05:30,2026-09-21 13:42:20.897635+05:30
45,270,36,1149,2026-09-21 13:42:20.897635+05:30,2026-09-21 13:42:20.897635+05:30
45,210,36,1150,2026-09-21 13:42:20.897635+05:30,2026-09-21 13:42:20.897635+05:30
45,234,36,1151,2026-09-21 13:42:20.897635+05:30,2026-09-21 13:42:20.897635+05:30
45,258,36,1152,2026-09-21 13:42:20.897635+05:30,2026-09-21 13:42:20.897635+05:30
45,200,36,1153,2026-09-21 13:42:20.897635+05:30,2026-09-21 13:42:20.897635+05:30
45,229,36,1154,2026-09-21 13:42:20.897635+05:30,2026-09-21 13:42:20.897635+05:30
45,239,36,1155,2026-09-21 13:42:20.897635+05:30,2026-09-21 13:42:20.897635+05:30
45,211,36,1156,2026-09-21 13:42:20.897635+05:30,2026-09-21 13:42:20.897635+05:30
45,231,36,1157,2026-09-21 13:42:20.897635+05:30,2026-09-21 13:42:20.897635+05:30
45,223,36,1158,2026-09-21 13:42:20.897635+05:30,2026-09-21 13:42:20.897635+05:30
45,262,36,1159,2026-09-21 13:42:20.897635+05:30,2026-09-21 13:42:20.897635+05:30
45,226,36,1160,2026-09-21 13:42:20.897635+05:30,2026-09-21 13:42:20.897635+05:30
45,237,36,1161,2026-09-21 13:42:20.897635+05:30,2026-09-21 13:42:20.897635+05:30
45,188,36,1162,2026-09-21 13:42:20.897635+05:30,2026-09-21 13:42:20.897635+05:30
45,240,36,1163,2026-09-21 13:42:20.897635+05:30,2026-09-21 13:42:20.897635+05:30
45,238,36,1164,2026-09-21 13:42:20.897635+05:30,2026-09-21 13:42:20.897635+05:30
45,218,36,1165,2026-09-21 13:42:20.897635+05:30,2026-09-21 13:42:20.897635+05:30
45,264,36,1166,2026-09-21 13:42:20.897635+05:30,2026-09-21 13:42:20.897635+05:30
45,222,36,1167,2026-09-21 13:42:20.897635+05:30,2026-09-21 13:42:20.897635+05:30
45,189,36,1168,2026-09-21 13:42:20.897635+05:30,2026-09-21 13:42:20.897635+05:30
45,269,36,1169,2026-09-21 13:42:20.897635+05:30,2026-09-21 13:42:20.897635+05:30
45,232,36,1170,2026-09-21 13:42:20.897635+05:30,2026-09-21 13:42:20.897635+05:30
45,227,36,1171,2026-09-21 13:42:20.897635+05:30,2026-09-21 13:42:20.897635+05:30
45,184,36,1172,2026-09-21 13:42:20.897635+05:30,2026-09-21 13:42:20.897635+05:30
45,220,36,1173,2026-09-21 13:42:20.897635+05:30,2026-09-21 13:42:20.897635+05:30
45,254,36,1174,2026-09-21 13:42:20.897635+05:30,2026-09-21 13:42:20.897635+05:30
45,217,36,1175,2026-09-21 13:42:20.897635+05:30,2026-09-21 13:42:20.897635+05:30
45,260,36,1176,2026-09-21 13:42:20.897635+05:30,2026-09-21 13:42:20.897635+05:30
45,194,36,1177,2026-09-21 13:42:20.897635+05:30,2026-09-21 13:42:20.897635+05:30
45,255,36,1178,2026-09-21 13:42:20.897635+05:30,2026-09-21 13:42:20.897635+05:30
45,209,36,1179,2026-09-21 13:42:20.897635+05:30,2026-09-21 13:42:20.897635+05:30
45,242,36,1180,2026-09-21 13:42:20.897635+05:30,2026-09-21 13:42:20.897635+05:30
45,235,36,1181,2026-09-21 13:42:20.897635+05:30,2026-09-21 13:42:20.897635+05:30
45,221,36,1182,2026-09-21 13:42:20.897635+05:30,2026-09-21 13:42:20.897635+05:30
45,197,36,1183,2026-09-21 13:42:20.897635+05:30,2026-09-21 13:42:20.897635+05:30
45,271,36,1184,2026-09-21 13:42:20.897635+05:30,2026-09-21 13:42:20.897635+05:30
45,195,36,1185,2026-09-21 13:42:20.897635+05:30,2026-09-21 13:42:20.897635+05:30
45,228,36,1186,2026-09-21 13:42:20.897635+05:30,2026-09-21 13:42:20.897635+05:30
45,267,36,1187,2026-09-21 13:42:20.897635+05:30,2026-09-21 13:42:20.897635+05:30
45,183,36,1188,2026-09-21 13:42:20.897635+05:30,2026-09-21 13:42:20.897635+05:30
45,249,36,1189,2026-09-21 13:42:20.897635+05:30,2026-09-21 13:42:20.897635+05:30
45,233,36,1190,2026-09-21 13:42:20.897635+05:30,2026-09-21 13:42:20.897635+05:30
45,268,36,1191,2026-09-21 13:42:20.897635+05:30,2026-09-21 13:42:20.897635+05:30
45,248,36,1192,2026-09-21 13:42:20.897635+05:30,2026-09-21 13:42:20.897635+05:30
45,203,36,1193,2026-09-21 13:42:20.897635+05:30,2026-09-21 13:42:20.897635+05:30
45,186,36,1194,2026-09-21 13:42:20.897635+05:30,2026-09-21 13:42:20.897635+05:30
45,219,36,1195,2026-09-21 13:42:20.897635+05:30,2026-09-21 13:42:20.897635+05:30
45,273,36,1196,2026-09-21 13:42:20.897635+05:30,2026-09-21 13:42:20.897635+05:30
45,201,36,1197,2026-09-21 13:42:20.897635+05:30,2026-09-21 13:42:20.897635+05:30
45,257,36,1198,2026-09-21 13:42:20.897635+05:30,2026-09-21 13:42:20.897635+05:30
45,266,36,1199,2026-09-21 13:42:20.897635+05:30,2026-09-21 13:42:20.897635+05:30
45,191,36,1200,2026-09-21 13:42:20.897635+05:30,2026-09-21 13:42:20.897635+05:30
46,185,36,1201,2026-09-21 13:42:20.897635+05:30,2026-09-21 13:42:20.897635+05:30
46,264,36,1202,2026-09-21 13:42:20.897635+05:30,2026-09-21 13:42:20.897635+05:30
46,230,36,1203,2026-09-21 13:42:20.897635+05:30,2026-09-21 13:42:20.897635+05:30
46,196,36,1204,2026-09-21 13:42:20.897635+05:30,2026-09-21 13:42:20.897635+05:30
46,189,36,1205,2026-09-21 13:42:20.897635+05:30,2026-09-21 13:42:20.897635+05:30
46,256,36,1206,2026-09-21 13:42:20.897635+05:30,2026-09-21 13:42:20.897635+05:30
46,214,36,1207,2026-09-21 13:42:20.897635+05:30,2026-09-21 13:42:20.897635+05:30
46,269,36,1208,2026-09-21 13:42:20.897635+05:30,2026-09-21 13:42:20.897635+05:30
46,227,36,1209,2026-09-21 13:42:20.897635+05:30,2026-09-21 13:42:20.897635+05:30
46,184,36,1210,2026-09-21 13:42:20.897635+05:30,2026-09-21 13:42:20.897635+05:30
46,254,36,1211,2026-09-21 13:42:20.897635+05:30,2026-09-21 13:42:20.897635+05:30
46,217,36,1212,2026-09-21 13:42:20.897635+05:30,2026-09-21 13:42:20.897635+05:30
46,260,36,1213,2026-09-21 13:42:20.897635+05:30,2026-09-21 13:42:20.897635+05:30
46,245,36,1214,2026-09-21 13:42:20.897635+05:30,2026-09-21 13:42:20.897635+05:30
46,204,36,1215,2026-09-21 13:42:20.897635+05:30,2026-09-21 13:42:20.897635+05:30
46,263,36,1216,2026-09-21 13:42:20.897635+05:30,2026-09-21 13:42:20.897635+05:30
46,255,36,1217,2026-09-21 13:42:20.897635+05:30,2026-09-21 13:42:20.897635+05:30
46,192,36,1218,2026-09-21 13:42:20.897635+05:30,2026-09-21 13:42:20.897635+05:30
46,193,36,1219,2026-09-21 13:42:20.897635+05:30,2026-09-21 13:42:20.897635+05:30
46,198,36,1220,2026-09-21 13:42:20.897635+05:30,2026-09-21 13:42:20.897635+05:30
46,235,36,1221,2026-09-21 13:42:20.897635+05:30,2026-09-21 13:42:20.897635+05:30
46,236,36,1222,2026-09-21 13:42:20.897635+05:30,2026-09-21 13:42:20.897635+05:30
46,205,36,1223,2026-09-21 13:42:20.897635+05:30,2026-09-21 13:42:20.897635+05:30
46,261,36,1224,2026-09-21 13:42:20.897635+05:30,2026-09-21 13:42:20.897635+05:30
46,197,36,1225,2026-09-21 13:42:20.897635+05:30,2026-09-21 13:42:20.897635+05:30
46,215,36,1226,2026-09-21 13:42:20.897635+05:30,2026-09-21 13:42:20.897635+05:30
46,271,36,1227,2026-09-21 13:42:20.897635+05:30,2026-09-21 13:42:20.897635+05:30
46,216,36,1228,2026-09-21 13:42:20.897635+05:30,2026-09-21 13:42:20.897635+05:30
46,195,36,1229,2026-09-21 13:42:20.897635+05:30,2026-09-21 13:42:20.897635+05:30
46,187,36,1230,2026-09-21 13:42:20.897635+05:30,2026-09-21 13:42:20.897635+05:30
46,244,36,1231,2026-09-21 13:42:20.897635+05:30,2026-09-21 13:42:20.897635+05:30
46,228,36,1232,2026-09-21 13:42:20.897635+05:30,2026-09-21 13:42:20.897635+05:30
46,267,36,1233,2026-09-21 13:42:20.897635+05:30,2026-09-21 13:42:20.897635+05:30
46,183,36,1234,2026-09-21 13:42:20.897635+05:30,2026-09-21 13:42:20.897635+05:30
46,249,36,1235,2026-09-21 13:42:20.897635+05:30,2026-09-21 13:42:20.897635+05:30
46,259,36,1236,2026-09-21 13:42:20.897635+05:30,2026-09-21 13:42:20.897635+05:30
46,270,36,1237,2026-09-21 13:42:20.897635+05:30,2026-09-21 13:42:20.897635+05:30
46,233,36,1238,2026-09-21 13:42:20.897635+05:30,2026-09-21 13:42:20.897635+05:30
46,234,36,1239,2026-09-21 13:42:20.897635+05:30,2026-09-21 13:42:20.897635+05:30
46,258,36,1240,2026-09-21 13:42:20.897635+05:30,2026-09-21 13:42:20.897635+05:30
46,268,36,1241,2026-09-21 13:42:20.897635+05:30,2026-09-21 13:42:20.897635+05:30
46,229,36,1242,2026-09-21 13:42:20.897635+05:30,2026-09-21 13:42:20.897635+05:30
46,248,36,1243,2026-09-21 13:42:20.897635+05:30,2026-09-21 13:42:20.897635+05:30
46,211,36,1244,2026-09-21 13:42:20.897635+05:30,2026-09-21 13:42:20.897635+05:30
46,219,36,1245,2026-09-21 13:42:20.897635+05:30,2026-09-21 13:42:20.897635+05:30
46,262,36,1246,2026-09-21 13:42:20.897635+05:30,2026-09-21 13:42:20.897635+05:30
46,226,36,1247,2026-09-21 13:42:20.897635+05:30,2026-09-21 13:42:20.897635+05:30
46,257,36,1248,2026-09-21 13:42:20.897635+05:30,2026-09-21 13:42:20.897635+05:30
46,188,36,1249,2026-09-21 13:42:20.897635+05:30,2026-09-21 13:42:20.897635+05:30
46,238,36,1250,2026-09-21 13:42:20.897635+05:30,2026-09-21 13:42:20.897635+05:30
46,191,36,1251,2026-09-21 13:42:20.897635+05:30,2026-09-21 13:42:20.897635+05:30
46,218,36,1252,2026-09-21 13:42:20.897635+05:30,2026-09-21 13:42:20.897635+05:30
47,183,36,1253,2026-09-21 13:42:20.897635+05:30,2026-09-21 13:42:20.897635+05:30
47,250,36,1254,2026-09-21 13:42:20.897635+05:30,2026-09-21 13:42:20.897635+05:30
47,252,36,1255,2026-09-21 13:42:20.897635+05:30,2026-09-21 13:42:20.897635+05:30
47,187,36,1256,2026-09-21 13:42:20.897635+05:30,2026-09-21 13:42:20.897635+05:30
47,206,36,1257,2026-09-21 13:42:20.897635+05:30,2026-09-21 13:42:20.897635+05:30
47,209,36,1258,2026-09-21 13:42:20.897635+05:30,2026-09-21 13:42:20.897635+05:30
47,251,36,1259,2026-09-21 13:42:20.897635+05:30,2026-09-21 13:42:20.897635+05:30
47,242,36,1260,2026-09-21 13:42:20.897635+05:30,2026-09-21 13:42:20.897635+05:30
47,230,36,1261,2026-09-21 13:42:20.897635+05:30,2026-09-21 13:42:20.897635+05:30
47,227,36,1262,2026-09-21 13:42:20.897635+05:30,2026-09-21 13:42:20.897635+05:30
47,205,36,1263,2026-09-21 13:42:20.897635+05:30,2026-09-21 13:42:20.897635+05:30
47,207,36,1264,2026-09-21 13:42:20.897635+05:30,2026-09-21 13:42:20.897635+05:30
47,238,36,1265,2026-09-21 13:42:20.897635+05:30,2026-09-21 13:42:20.897635+05:30
47,204,36,1266,2026-09-21 13:42:20.897635+05:30,2026-09-21 13:42:20.897635+05:30
48,207,36,1267,2026-09-21 13:42:20.897635+05:30,2026-09-21 13:42:20.897635+05:30
48,183,36,1268,2026-09-21 13:42:20.897635+05:30,2026-09-21 13:42:20.897635+05:30
48,205,36,1269,2026-09-21 13:42:20.897635+05:30,2026-09-21 13:42:20.897635+05:30
49,203,36,1270,2026-09-21 13:42:20.897635+05:30,2026-09-21 13:42:20.897635+05:30
49,183,36,1271,2026-09-21 13:42:20.897635+05:30,2026-09-21 13:42:20.897635+05:30
49,199,36,1272,2026-09-21 13:42:20.897635+05:30,2026-09-21 13:42:20.897635+05:30
49,196,36,1273,2026-09-21 13:42:20.897635+05:30,2026-09-21 13:42:20.897635+05:30
49,198,36,1274,2026-09-21 13:42:20.897635+05:30,2026-09-21 13:42:20.897635+05:30
49,227,36,1275,2026-09-21 13:42:20.897635+05:30,2026-09-21 13:42:20.897635+05:30
49,202,36,1276,2026-09-21 13:42:20.897635+05:30,2026-09-21 13:42:20.897635+05:30
49,197,36,1277,2026-09-21 13:42:20.897635+05:30,2026-09-21 13:42:20.897635+05:30
49,201,36,1278,2026-09-21 13:42:20.897635+05:30,2026-09-21 13:42:20.897635+05:30
49,187,36,1279,2026-09-21 13:42:20.897635+05:30,2026-09-21 13:42:20.897635+05:30
49,200,36,1280,2026-09-21 13:42:20.897635+05:30,2026-09-21 13:42:20.897635+05:30
50,217,36,1281,2026-09-21 13:42:20.897635+05:30,2026-09-21 13:42:20.897635+05:30
50,216,36,1282,2026-09-21 13:42:20.897635+05:30,2026-09-21 13:42:20.897635+05:30
50,214,36,1283,2026-09-21 13:42:20.897635+05:30,2026-09-21 13:42:20.897635+05:30
50,269,36,1284,2026-09-21 13:42:20.897635+05:30,2026-09-21 13:42:20.897635+05:30
50,268,36,1285,2026-09-21 13:42:20.897635+05:30,2026-09-21 13:42:20.897635+05:30
50,227,36,1286,2026-09-21 13:42:20.897635+05:30,2026-09-21 13:42:20.897635+05:30
51,218,36,1287,2026-09-21 13:42:20.897635+05:30,2026-09-21 13:42:20.897635+05:30
51,220,36,1288,2026-09-21 13:42:20.897635+05:30,2026-09-21 13:42:20.897635+05:30
52,222,36,1289,2026-09-21 13:42:20.897635+05:30,2026-09-21 13:42:20.897635+05:30
52,223,36,1290,2026-09-21 13:42:20.897635+05:30,2026-09-21 13:42:20.897635+05:30
52,219,36,1291,2026-09-21 13:42:20.897635+05:30,2026-09-21 13:42:20.897635+05:30
52,214,36,1292,2026-09-21 13:42:20.897635+05:30,2026-09-21 13:42:20.897635+05:30
52,221,36,1293,2026-09-21 13:42:20.897635+05:30,2026-09-21 13:42:20.897635+05:30
52,225,36,1294,2026-09-21 13:42:20.897635+05:30,2026-09-21 13:42:20.897635+05:30
52,220,36,1295,2026-09-21 13:42:20.897635+05:30,2026-09-21 13:42:20.897635+05:30
52,207,36,1296,2026-09-21 13:42:20.897635+05:30,2026-09-21 13:42:20.897635+05:30
52,217,36,1297,2026-09-21 13:42:20.897635+05:30,2026-09-21 13:42:20.897635+05:30
52,216,36,1298,2026-09-21 13:42:20.897635+05:30,2026-09-21 13:42:20.897635+05:30
52,218,36,1299,2026-09-21 13:42:20.897635+05:30,2026-09-21 13:42:20.897635+05:30
53,183,36,1300,2026-09-21 13:42:20.897635+05:30,2026-09-21 13:42:20.897635+05:30
53,199,36,1301,2026-09-21 13:42:20.897635+05:30,2026-09-21 13:42:20.897635+05:30
53,230,36,1302,2026-09-21 13:42:20.897635+05:30,2026-09-21 13:42:20.897635+05:30
53,196,36,1303,2026-09-21 13:42:20.897635+05:30,2026-09-21 13:42:20.897635+05:30
53,189,36,1304,2026-09-21 13:42:20.897635+05:30,2026-09-21 13:42:20.897635+05:30
53,256,36,1305,2026-09-21 13:42:20.897635+05:30,2026-09-21 13:42:20.897635+05:30
53,227,36,1306,2026-09-21 13:42:20.897635+05:30,2026-09-21 13:42:20.897635+05:30
53,254,36,1307,2026-09-21 13:42:20.897635+05:30,2026-09-21 13:42:20.897635+05:30
53,190,36,1308,2026-09-21 13:42:20.897635+05:30,2026-09-21 13:42:20.897635+05:30
53,272,36,1309,2026-09-21 13:42:20.897635+05:30,2026-09-21 13:42:20.897635+05:30
53,211,36,1310,2026-09-21 13:42:20.897635+05:30,2026-09-21 13:42:20.897635+05:30
53,221,36,1311,2026-09-21 13:42:20.897635+05:30,2026-09-21 13:42:20.897635+05:30
53,198,36,1312,2026-09-21 13:42:20.897635+05:30,2026-09-21 13:42:20.897635+05:30
53,273,36,1313,2026-09-21 13:42:20.897635+05:30,2026-09-21 13:42:20.897635+05:30
53,236,36,1314,2026-09-21 13:42:20.897635+05:30,2026-09-21 13:42:20.897635+05:30
53,225,36,1315,2026-09-21 13:42:20.897635+05:30,2026-09-21 13:42:20.897635+05:30
53,261,36,1316,2026-09-21 13:42:20.897635+05:30,2026-09-21 13:42:20.897635+05:30
53,212,36,1317,2026-09-21 13:42:20.897635+05:30,2026-09-21 13:42:20.897635+05:30
53,187,36,1318,2026-09-21 13:42:20.897635+05:30,2026-09-21 13:42:20.897635+05:30
53,228,36,1319,2026-09-21 13:42:20.897635+05:30,2026-09-21 13:42:20.897635+05:30
54,208,36,1320,2026-09-21 13:42:20.897635+05:30,2026-09-21 13:42:20.897635+05:30
54,196,36,1321,2026-09-21 13:42:20.897635+05:30,2026-09-21 13:42:20.897635+05:30
54,211,36,1322,2026-09-21 13:42:20.897635+05:30,2026-09-21 13:42:20.897635+05:30
54,189,36,1323,2026-09-21 13:42:20.897635+05:30,2026-09-21 13:42:20.897635+05:30
54,198,36,1324,2026-09-21 13:42:20.897635+05:30,2026-09-21 13:42:20.897635+05:30
54,213,36,1325,2026-09-21 13:42:20.897635+05:30,2026-09-21 13:42:20.897635+05:30
54,227,36,1326,2026-09-21 13:42:20.897635+05:30,2026-09-21 13:42:20.897635+05:30
54,205,36,1327,2026-09-21 13:42:20.897635+05:30,2026-09-21 13:42:20.897635+05:30
54,261,36,1328,2026-09-21 13:42:20.897635+05:30,2026-09-21 13:42:20.897635+05:30
55,183,36,1329,2026-09-21 13:42:20.897635+05:30,2026-09-21 13:42:20.897635+05:30
55,208,36,1330,2026-09-21 13:42:20.897635+05:30,2026-09-21 13:42:20.897635+05:30
55,211,36,1331,2026-09-21 13:42:20.897635+05:30,2026-09-21 13:42:20.897635+05:30
55,189,36,1332,2026-09-21 13:42:20.897635+05:30,2026-09-21 13:42:20.897635+05:30
55,198,36,1333,2026-09-21 13:42:20.897635+05:30,2026-09-21 13:42:20.897635+05:30
55,236,36,1334,2026-09-21 13:42:20.897635+05:30,2026-09-21 13:42:20.897635+05:30
55,227,36,1335,2026-09-21 13:42:20.897635+05:30,2026-09-21 13:42:20.897635+05:30
55,205,36,1336,2026-09-21 13:42:20.897635+05:30,2026-09-21 13:42:20.897635+05:30
55,261,36,1337,2026-09-21 13:42:20.897635+05:30,2026-09-21 13:42:20.897635+05:30
56,183,36,1338,2026-09-21 13:42:20.897635+05:30,2026-09-21 13:42:20.897635+05:30
56,230,36,1339,2026-09-21 13:42:20.897635+05:30,2026-09-21 13:42:20.897635+05:30
56,235,36,1340,2026-09-21 13:42:20.897635+05:30,2026-09-21 13:42:20.897635+05:30
56,236,36,1341,2026-09-21 13:42:20.897635+05:30,2026-09-21 13:42:20.897635+05:30
56,227,36,1342,2026-09-21 13:42:20.897635+05:30,2026-09-21 13:42:20.897635+05:30
56,237,36,1343,2026-09-21 13:42:20.897635+05:30,2026-09-21 13:42:20.897635+05:30
56,187,36,1344,2026-09-21 13:42:20.897635+05:30,2026-09-21 13:42:20.897635+05:30
56,234,36,1345,2026-09-21 13:42:20.897635+05:30,2026-09-21 13:42:20.897635+05:30
56,238,36,1346,2026-09-21 13:42:20.897635+05:30,2026-09-21 13:42:20.897635+05:30
57,264,36,1347,2026-09-21 13:42:20.897635+05:30,2026-09-21 13:42:20.897635+05:30
57,183,36,1348,2026-09-21 13:42:20.897635+05:30,2026-09-21 13:42:20.897635+05:30
57,196,36,1349,2026-09-21 13:42:20.897635+05:30,2026-09-21 13:42:20.897635+05:30
57,189,36,1350,2026-09-21 13:42:20.897635+05:30,2026-09-21 13:42:20.897635+05:30
57,214,36,1351,2026-09-21 13:42:20.897635+05:30,2026-09-21 13:42:20.897635+05:30
57,227,36,1352,2026-09-21 13:42:20.897635+05:30,2026-09-21 13:42:20.897635+05:30
57,238,36,1353,2026-09-21 13:42:20.897635+05:30,2026-09-21 13:42:20.897635+05:30
57,254,36,1354,2026-09-21 13:42:20.897635+05:30,2026-09-21 13:42:20.897635+05:30
57,234,36,1355,2026-09-21 13:42:20.897635+05:30,2026-09-21 13:42:20.897635+05:30
57,258,36,1356,2026-09-21 13:42:20.897635+05:30,2026-09-21 13:42:20.897635+05:30
57,268,36,1357,2026-09-21 13:42:20.897635+05:30,2026-09-21 13:42:20.897635+05:30
57,192,36,1358,2026-09-21 13:42:20.897635+05:30,2026-09-21 13:42:20.897635+05:30
57,229,36,1359,2026-09-21 13:42:20.897635+05:30,2026-09-21 13:42:20.897635+05:30
57,248,36,1360,2026-09-21 13:42:20.897635+05:30,2026-09-21 13:42:20.897635+05:30
57,250,36,1361,2026-09-21 13:42:20.897635+05:30,2026-09-21 13:42:20.897635+05:30
57,211,36,1362,2026-09-21 13:42:20.897635+05:30,2026-09-21 13:42:20.897635+05:30
57,242,36,1363,2026-09-21 13:42:20.897635+05:30,2026-09-21 13:42:20.897635+05:30
57,198,36,1364,2026-09-21 13:42:20.897635+05:30,2026-09-21 13:42:20.897635+05:30
57,236,36,1365,2026-09-21 13:42:20.897635+05:30,2026-09-21 13:42:20.897635+05:30
57,262,36,1366,2026-09-21 13:42:20.897635+05:30,2026-09-21 13:42:20.897635+05:30
57,205,36,1367,2026-09-21 13:42:20.897635+05:30,2026-09-21 13:42:20.897635+05:30
57,226,36,1368,2026-09-21 13:42:20.897635+05:30,2026-09-21 13:42:20.897635+05:30
57,216,36,1369,2026-09-21 13:42:20.897635+05:30,2026-09-21 13:42:20.897635+05:30
57,187,36,1370,2026-09-21 13:42:20.897635+05:30,2026-09-21 13:42:20.897635+05:30
57,244,36,1371,2026-09-21 13:42:20.897635+05:30,2026-09-21 13:42:20.897635+05:30
57,218,36,1372,2026-09-21 13:42:20.897635+05:30,2026-09-21 13:42:20.897635+05:30
57,267,36,1373,2026-09-21 13:42:20.897635+05:30,2026-09-21 13:42:20.897635+05:30
