item_id,item_name,category,location,quantity_requested,urgency,status,flag_type,requested_by_id,requested_by_name,reason,decided_by_id,decided_at,decision_note,school_id,id,created_at,updated_at
34,Printer Paper A4 (75 GSM),Stationery,Admin Store,20,critical,pending,purchase,399,Office Administrator,Emergency reorder: exam question paper printing begins next week,,,,36,11,2026-09-21 13:43:27.486575+05:30,2026-09-21 13:43:27.486575+05:30
35,First-aid Supplies & Antiseptic Kits,Medical Room,Medical Room,6,urgent,pending,purchase,399,Office Administrator,Annual sports trials and field day replenishment for dispensary,,,,36,12,2026-09-21 13:43:27.486575+05:30,2026-09-21 13:43:27.486575+05:30
36,Science Chemicals (Titration Reagents),Science Lab,Science Lab,5,critical,pending,diminishing,407,Anita Sharma,Class 10 CBSE titration practicals scheduled next Tuesday; chemicals almost exhausted,,,,36,13,2026-09-21 13:43:27.486575+05:30,2026-09-21 13:43:27.486575+05:30
59,White Dustless Chalk (Box of 100),Stationery,Admin Store,25,urgent,pending,diminishing,408,Rajesh Verma,Ground floor classrooms ran out of chalk boxes today,,,,36,14,2026-09-21 13:43:27.486575+05:30,2026-09-21 13:43:27.486575+05:30
41,Borosil Glass Beakers 250ml,Science Lab,Science Lab,8,normal,pending,purchase,407,Anita Sharma,Replenish glassware breakages from Term 1 laboratory sessions,,,,36,15,2026-09-21 13:43:27.486575+05:30,2026-09-21 13:43:27.486575+05:30
49,Geometry Wooden Box Set for Blackboard,Mathematics,Math Lab,6,normal,pending,diminishing,408,Rajesh Verma,Class 9 coordinate geometry construction sessions start next week,,,,36,16,2026-09-21 13:43:27.486575+05:30,2026-09-21 13:43:27.486575+05:30
54,Camel Poster Colours 12-Pack,Art & Craft,Art Room,12,normal,pending,diminishing,409,Sunita Yadav,Inter-school Art Exhibition in October requires additional poster colour sets,,,,36,17,2026-09-21 13:43:27.486575+05:30,2026-09-21 13:43:27.486575+05:30
55,A3 Cartridge Drawing Sheets,Art & Craft,Art Room,5,normal,approved,purchase,409,Sunita Yadav,Quarterly art supplies requisition,399,2026-08-31 21:30:00+05:30,Approved as per term budget,36,18,2026-09-21 13:43:27.486575+05:30,2026-09-21 13:43:27.486575+05:30
62,Whiteboard Marker Pens (Pack of 4),Stationery,Admin Store,10,normal,fulfilled,issue,399,Office Administrator,Monthly allocation for senior staff room,399,2026-08-31 21:30:00+05:30,Approved as per term budget,36,19,2026-09-21 13:43:27.486575+05:30,2026-09-21 13:43:27.486575+05:30
