name,code,school_id,id,created_at,updated_at
English,ENG,36,32,2026-09-21 13:42:20.897635+05:30,2026-09-21 13:42:20.897635+05:30
Hindi,HIN,36,33,2026-09-21 13:42:20.897635+05:30,2026-09-21 13:42:20.897635+05:30
Mathematics,MAT,36,34,2026-09-21 13:42:20.897635+05:30,2026-09-21 13:42:20.897635+05:30
Science,SCI,36,35,2026-09-21 13:42:20.897635+05:30,2026-09-21 13:42:20.897635+05:30
Social Science,SST,36,36,2026-09-21 13:42:20.897635+05:30,2026-09-21 13:42:20.897635+05:30
Computer,CMP,36,37,2026-09-21 13:42:20.897635+05:30,2026-09-21 13:42:20.897635+05:30
Environmental Studies,EVS,36,38,2026-09-21 13:42:20.897635+05:30,2026-09-21 13:42:20.897635+05:30
Art & Craft,ART,36,39,2026-09-21 13:42:20.897635+05:30,2026-09-21 13:42:20.897635+05:30
Sanskrit,SAN,36,40,2026-09-21 13:42:20.897635+05:30,2026-09-21 13:42:20.897635+05:30
