role,login_id,password_hash,full_name,email,phone,photo_url,is_active,school_id,id,created_at,updated_at
admin,admin@sunrisepublic.edu,$2b$12$dLHu4DFs2teRkaZ5.fB/gOY1CXyJlAz/om32HIDEPjO2YOidIS22.,Office Administrator,admin@sunrisepublic.edu,+91 522 400 1234,,True,36,399,2026-09-21 13:42:20.897635+05:30,2026-09-21 13:42:20.897635+05:30
admin,principal@sunrisepublic.edu,$2b$12$/Xgu3EyVd.t6m4LCnyXAgOcW.SiyXCd8Jd89XP/OQdWN9EdUluBqu,Principal,principal@sunrisepublic.edu,+91 522 400 1234,,True,36,400,2026-09-21 13:42:20.897635+05:30,2026-09-21 13:42:20.897635+05:30
admin,viceprincipal@sunrisepublic.edu,$2b$12$dbdRvjnuteJNkc75VSquPeb3LL/QERYEr3GsARk9dcLswVmia6nyK,Vice Principal,viceprincipal@sunrisepublic.edu,+91 522 400 1234,,True,36,401,2026-09-21 13:42:20.897635+05:30,2026-09-21 13:42:20.897635+05:30
admin,owner@sunrisepublic.edu,$2b$12$epFJ/bCeOnz73Sea0LLszOMvP3BGxrQA1z60U6hr8Um/dWwcvsDKi,School Owner / Management,owner@sunrisepublic.edu,+91 522 400 1234,,True,36,402,2026-09-21 13:42:20.897635+05:30,2026-09-21 13:42:20.897635+05:30
admin,coordinator@sunrisepublic.edu,$2b$12$vdsbSo3IpzA00BLRmPwC1uDV0VOUGJJZUTJlpLWSVToFgDn7QiYxm,Academic Coordinator,coordinator@sunrisepublic.edu,+91 522 400 1234,,True,36,403,2026-09-21 13:42:20.897635+05:30,2026-09-21 13:42:20.897635+05:30
admin,counter@sunrisepublic.edu,$2b$12$VI5tviBecQ68AMXSEnpCHuGufE3wQgfnxTJSYWIZrAekL85iAnOmS,Fee Counter Clerk,counter@sunrisepublic.edu,+91 522 400 1235,,True,36,404,2026-09-21 13:42:20.897635+05:30,2026-09-21 13:42:20.897635+05:30
admin,receptionist@sunrisepublic.edu,$2b$12$cX9Ea0Yf.gGb4qjmLcP4JeN0rofWFQgtx8.WTm.N3F8iz8CqD/2V2,Front Desk Receptionist,receptionist@sunrisepublic.edu,+91 522 400 1236,,True,36,405,2026-09-21 13:42:20.897635+05:30,2026-09-21 13:42:20.897635+05:30
admin,admission@sunrisepublic.edu,$2b$12$fn6McBTqEIT08xHhZOb1JO0AxHfDztpJAE7tmtlePAh42f4oM39pi,Admission Officer,admission@sunrisepublic.edu,+91 522 400 1237,,True,36,406,2026-09-21 13:42:20.897635+05:30,2026-09-21 13:42:20.897635+05:30
teacher,TCH001,$2b$12$CPDPkPl8NbBbHo6OboE3Je7SgrMaehtwtcqdose8ybE5q4fzpGGji,Anita Sharma,tch001@sunrisepublic.edu,9876520001,,True,36,407,2026-09-21 13:42:20.897635+05:30,2026-09-21 13:42:20.897635+05:30
teacher,TCH002,$2b$12$Z/M4JgB.v8VSgigKkaqD7.6.uGgk/XsOQ2JG3tX48fraOGa2rntz2,Rajesh Verma,tch002@sunrisepublic.edu,9876520002,,True,36,408,2026-09-21 13:42:20.897635+05:30,2026-09-21 13:42:20.897635+05:30
teacher,TCH003,$2b$12$yd5Yu0QzDpOKm8oCzV7jPeuEJFgy4oz70sWekO6MBhTCoyEvah55e,Sunita Yadav,tch003@sunrisepublic.edu,9876520003,,True,36,409,2026-09-21 13:42:20.897635+05:30,2026-09-21 13:42:20.897635+05:30
teacher,TCH004,$2b$12$h9CcKcgKqhVF3bZ8jvy3CO29rV9lOC3Vch7rbzaGCFs9ZVLsPcLGO,Praveen Mishra,tch004@sunrisepublic.edu,9876520004,,True,36,410,2026-09-21 13:42:20.897635+05:30,2026-09-21 13:42:20.897635+05:30
teacher,TCH005,$2b$12$l1PYG.uHRwUeyhBgplBA/ecTbMUdg2PTx/kSEPWJJVLjN/LZR0C/.,Kavita Singh,tch005@sunrisepublic.edu,9876520005,,True,36,411,2026-09-21 13:42:20.897635+05:30,2026-09-21 13:42:20.897635+05:30
teacher,TCH006,$2b$12$230ZOwSBVIBw8D5/60O7BOh6Ifh.fy4DVLf2YxKX2.6bUFlj8Icju,Deepak Gupta,tch006@sunrisepublic.edu,9876520006,,True,36,412,2026-09-21 13:42:20.897635+05:30,2026-09-21 13:42:20.897635+05:30
teacher,TCH007,$2b$12$p2fKVftaVMz44FtQa57qPeE7wGj3NPYoGW//teLbAO5zn4V.Ggcmi,Neha Tiwari,tch007@sunrisepublic.edu,9876520007,,True,36,413,2026-09-21 13:42:20.897635+05:30,2026-09-21 13:42:20.897635+05:30
teacher,TCH008,$2b$12$sR9.Uyavp4HTlZqr9topEe8NEAjWZYIiJmyIZjxC2AMPRdA9ajDmy,Amit Pandey,tch008@sunrisepublic.edu,9876520008,,True,36,414,2026-09-21 13:42:20.897635+05:30,2026-09-21 13:42:20.897635+05:30
teacher,TCH009,$2b$12$ZbFM8TmOkyCuwGAnMo4yOeaH1ioiVapn8T.XuYUzkQ8zeQrQ1smKm,Ritu Srivastava,tch009@sunrisepublic.edu,9876520009,,True,36,415,2026-09-21 13:42:20.897635+05:30,2026-09-21 13:42:20.897635+05:30
teacher,TCH010,$2b$12$rMdY.r9y1RhCEBAKnaihuexRPeDmpAd0tcmxxnCB5efYS4UcuEHLS,Vikas Dubey,tch010@sunrisepublic.edu,9876520010,,True,36,416,2026-09-21 13:42:20.897635+05:30,2026-09-21 13:42:20.897635+05:30
teacher,TCH011,$2b$12$pIbeYHEGDs1yvJ9FvxCuL..pueEwUnofrzZhA2hEwfpQVFu1l98ie,Pooja Awasthi,tch011@sunrisepublic.edu,9876520011,,True,36,417,2026-09-21 13:42:20.897635+05:30,2026-09-21 13:42:20.897635+05:30
teacher,TCH012,$2b$12$JbEos4O761OUo72YnIYNROMadGO7Twj3XmbCzri.LH4cSjYIWndUu,Sandeep Rastogi,tch012@sunrisepublic.edu,9876520012,,True,36,418,2026-09-21 13:42:20.897635+05:30,2026-09-21 13:42:20.897635+05:30
student,2024000001,$2b$12$mvngPnbmFs/NVUId6uos8ebrkr8iPOA9eMLJ.PuOPaCumCWkHC0cm,Aarav Sharma,,,,True,36,419,2026-09-21 13:42:20.897635+05:30,2026-09-21 13:42:20.897635+05:30
student,2024000002,$2b$12$jJ6MFE/t9QwzAjh.aoWsyOC2iLYjEQ4qbxzWVIXJlhIIUph5uSZsK,Ishita Sharma,,,,True,36,420,2026-09-21 13:42:20.897635+05:30,2026-09-21 13:42:20.897635+05:30
student,2024000003,$2b$12$YK4KIjrcQIR5q3BvdSPHTOV/anBirwpPwiy2BGM1vtkNfnfLfIFNW,Rohan Sharma,,,,True,36,421,2026-09-21 13:42:20.897635+05:30,2026-09-21 13:42:20.897635+05:30
student,2024000004,$2b$12$egWXl1XG6luqyTkc9PlGsu5cH78DP2OhFX4I.2MtpnEu4QUg3W/Sa,Ananya Sharma,,,,True,36,422,2026-09-21 13:42:20.897635+05:30,2026-09-21 13:42:20.897635+05:30
student,2024000005,$2b$12$2A8WbqXj3V96NM6PVS/o1ODe1iQ16Z/RmHpG/9u0xgpGy951lAefG,Kabir Sharma,,,,True,36,423,2026-09-21 13:42:20.897635+05:30,2026-09-21 13:42:20.897635+05:30
student,2024000006,$2b$12$bzwu7HgTvg44rA7GFSIvg.ShMaUZ3dWfW69yrspq4GO3qd7GnU9Ge,Meera Sharma,,,,True,36,424,2026-09-21 13:42:20.897635+05:30,2026-09-21 13:42:20.897635+05:30
student,2024000007,$2b$12$C8XvUxxKoS9aLO7kCUD8MuKb3zDrJRA3Ab60tzLpmRNHiL1h1hkK6,Arjun Sharma,,,,True,36,425,2026-09-21 13:42:20.897635+05:30,2026-09-21 13:42:20.897635+05:30
student,2024000008,$2b$12$PY8lUZsPfGtbtegeCBC6nuzk972bIaLYDZe9fdWvhlYrQQUwKVi12,Sanya Sharma,,,,True,36,426,2026-09-21 13:42:20.897635+05:30,2026-09-21 13:42:20.897635+05:30
student,2024000009,$2b$12$tpLqj3W1bPY.uBvhxsBGtus62eGQ/zjIDDNQqD3yP9rlDcW7CXzge,Vivaan Sharma,,,,True,36,427,2026-09-21 13:42:20.897635+05:30,2026-09-21 13:42:20.897635+05:30
student,2024000010,$2b$12$HhqkqaQtzkLTulRAsZk/2./mdKQVBQYU4Px.dedmnUP5KTn8Q3Xk.,Diya Sharma,,,,True,36,428,2026-09-21 13:42:20.897635+05:30,2026-09-21 13:42:20.897635+05:30
student,2024000011,$2b$12$3yXYVtxwzCLvQjUkguu5Rez/LQ0a9LEUUS1lsPSGWhnUcvPbn0E7a,Aditya Sharma,,,,True,36,429,2026-09-21 13:42:20.897635+05:30,2026-09-21 13:42:20.897635+05:30
student,2024000012,$2b$12$Edu1e1UigVxx2iz6nuegF.h4hMot2Z4h7F.vR9Zmod8GPZpJg9j/W,Riya Sharma,,,,True,36,430,2026-09-21 13:42:20.897635+05:30,2026-09-21 13:42:20.897635+05:30
student,2024000013,$2b$12$CUg06Qxr8CRrz16fCCh6mOTez1aPkusS.5igBiJVwJqn9XR4IAXTG,Kartik Sharma,,,,True,36,431,2026-09-21 13:42:20.897635+05:30,2026-09-21 13:42:20.897635+05:30
student,2024000014,$2b$12$V/rwFWerfo8XBxMApi8nzeLkQCdEh0cmD9WG5w9HuQ1Jr4wL7UHbm,Nisha Sharma,,,,True,36,432,2026-09-21 13:42:20.897635+05:30,2026-09-21 13:42:20.897635+05:30
student,2024000015,$2b$12$GYeXP4/oTUut/8e.5hkIdOdjobIvrY.DCznGrEGPnxGU2TgJEhIhS,Yash Sharma,,,,True,36,433,2026-09-21 13:42:20.897635+05:30,2026-09-21 13:42:20.897635+05:30
student,2024000016,$2b$12$5M.bAXVkCFiTJF6F7eA4KONxo5NE7iM0ahSQNsxRIDWgA53dHETNS,Priya Sharma,,,,True,36,434,2026-09-21 13:42:20.897635+05:30,2026-09-21 13:42:20.897635+05:30
student,2024000017,$2b$12$owfPsbslxCL2EIZAOZXocOTPHmlb17..cWED3yt/LIXXdxT68Nrq.,Harsh Sharma,,,,True,36,435,2026-09-21 13:42:20.897635+05:30,2026-09-21 13:42:20.897635+05:30
student,2024000018,$2b$12$kZllGCyEM/fTVsBoHQCAXeW7i0/Wam2bULT1aSizipGTp4pI8bFZK,Tanvi Sharma,,,,True,36,436,2026-09-21 13:42:20.897635+05:30,2026-09-21 13:42:20.897635+05:30
student,2024000019,$2b$12$Pr6r2UHHNt94ibzpRqUqV.wggUPZIePSYgurElx6sXoN7flZchiwK,Nikhil Sharma,,,,True,36,437,2026-09-21 13:42:20.897635+05:30,2026-09-21 13:42:20.897635+05:30
student,2024000020,$2b$12$ZvAQFcWR7Jf7yYP.0tOIj.pswR6nqT9I8BeWp8p7m09U8WKT.r9GC,Aisha Sharma,,,,True,36,438,2026-09-21 13:42:20.897635+05:30,2026-09-21 13:42:20.897635+05:30
student,2024000021,$2b$12$z.deA9T7ZPyEs38rr903Z.Bz3tpeaxTApAa4x0eTU.JGfaHCJnxOC,Manav Sharma,,,,True,36,439,2026-09-21 13:42:20.897635+05:30,2026-09-21 13:42:20.897635+05:30
student,2024000022,$2b$12$kPWwExgjZvGavljXOocnMe.XiLBKpnxdSg/k/K6ke6.g3GI2O.Fxm,Pooja Sharma,,,,True,36,440,2026-09-21 13:42:20.897635+05:30,2026-09-21 13:42:20.897635+05:30
student,2024000023,$2b$12$mLL5nfcUnOoa46gGtj6ak.6heS79P9kGAonD1FQ8BInR/vywAVfBy,Rahul Sharma,,,,True,36,441,2026-09-21 13:42:20.897635+05:30,2026-09-21 13:42:20.897635+05:30
student,2024000024,$2b$12$Egc1/ksBF.dQN3ECMFXCiegUcn0OMC6KAjzU2tOYOghahh3hUBBsK,Sneha Sharma,,,,True,36,442,2026-09-21 13:42:20.897635+05:30,2026-09-21 13:42:20.897635+05:30
student,2024000025,$2b$12$myLT4RUxrU9JGhMEsZ7rE.uCMiXpvzxGzsivZqlkOgUzLaxqX5SpS,Devansh Sharma,,,,True,36,443,2026-09-21 13:42:20.897635+05:30,2026-09-21 13:42:20.897635+05:30
student,2024000026,$2b$12$YlLJDZR8UK/J0MUc3rWziOd4FyTSwkKLNk4SR/sZvYr82EBV9GM2C,Kritika Sharma,,,,True,36,444,2026-09-21 13:42:20.897635+05:30,2026-09-21 13:42:20.897635+05:30
student,2024000027,$2b$12$4XZMGchLsyYrSBkxW5QyNOBhp1cl8rHHWJ0dAhDUd4VeHj6kU74WC,Shaurya Sharma,,,,True,36,445,2026-09-21 13:42:20.897635+05:30,2026-09-21 13:42:20.897635+05:30
student,2024000028,$2b$12$IK.CFmyO1.mGIKwUfzCBjO3LH8J24NMe5fx/twYgzE.KuV0DxpTta,Anvi Sharma,,,,True,36,446,2026-09-21 13:42:20.897635+05:30,2026-09-21 13:42:20.897635+05:30
student,2024000029,$2b$12$htruZLenjUi1r8bszDa1OeuVxxbPKeM9sREPV3le5dlq9Vb3/yki.,Reyansh Sharma,,,,True,36,447,2026-09-21 13:42:20.897635+05:30,2026-09-21 13:42:20.897635+05:30
student,2024000030,$2b$12$XF/nNBf/MR1lz8I4HAQGOetSHlr47l45OoJYUxookW2CFD2nBFuoC,Myra Sharma,,,,True,36,448,2026-09-21 13:42:20.897635+05:30,2026-09-21 13:42:20.897635+05:30
student,2024000031,$2b$12$hTdzppXyU9efAXX/Bwx7LesLdZ39sG/lsQvHjk5P7MeQ9cMNsrhQ.,Atharv Sharma,,,,True,36,449,2026-09-21 13:42:20.897635+05:30,2026-09-21 13:42:20.897635+05:30
student,2024000032,$2b$12$/bk8NQ7ZgE8o7lU8QkyM6e3cIVchbSXCE62TRWDZmifxeFGj3/ITG,Saanvi Sharma,,,,True,36,450,2026-09-21 13:42:20.897635+05:30,2026-09-21 13:42:20.897635+05:30
student,2024000033,$2b$12$Wi7xnU7hpS7kM1zJZCAR8Os0AdKCEOhwPdTyWJiHscgWAMs/E6QZe,Ayaan Sharma,,,,True,36,451,2026-09-21 13:42:20.897635+05:30,2026-09-21 13:42:20.897635+05:30
student,2024000034,$2b$12$W091ykebQYivNQXuyo1/9.caVd25DYtv6I9ElNnhW3UTLaUWr55oq,Navya Sharma,,,,True,36,452,2026-09-21 13:42:20.897635+05:30,2026-09-21 13:42:20.897635+05:30
student,2024000035,$2b$12$4REsvO0.R/YYq6F2zCv8gOHsUFjrCkU7F.qOWcyvo1.YlYqcG1e.S,Krish Sharma,,,,True,36,453,2026-09-21 13:42:20.897635+05:30,2026-09-21 13:42:20.897635+05:30
student,2024000036,$2b$12$wuWfH23DgjGsTC.exUfpDOF0dMlibMaM7giWPyQcRrNx3R0Wj62f2,Ira Sharma,,,,True,36,454,2026-09-21 13:42:20.897635+05:30,2026-09-21 13:42:20.897635+05:30
student,2024000037,$2b$12$S.zmiQ.M0UQdRE92vOERDOVvfNXocPAyYbCow3CNo5w6aGn9fz.NO,Dhruv Sharma,,,,True,36,455,2026-09-21 13:42:20.897635+05:30,2026-09-21 13:42:20.897635+05:30
student,2024000038,$2b$12$up/XN5z1faIKxwhu8a7BI.XD2NZ9XzHK6u13W79zo0XawCd/p5YR.,Aadhya Sharma,,,,True,36,456,2026-09-21 13:42:20.897635+05:30,2026-09-21 13:42:20.897635+05:30
student,2024000039,$2b$12$OHnf94FLHFDE8Eswtt9PFuTk9ef/2nvXSPglDlUZOfRLSj1kOG4dC,Om Sharma,,,,True,36,457,2026-09-21 13:42:20.897635+05:30,2026-09-21 13:42:20.897635+05:30
student,2024000040,$2b$12$Dk.Br8sGaQR15UMSpJ7M5uhLfR8OAJOHIgd1R3YQk/cv0LiWGyp36,Kiara Sharma,,,,True,36,458,2026-09-21 13:42:20.897635+05:30,2026-09-21 13:42:20.897635+05:30
student,2024000041,$2b$12$/VUh81xJHUmAvy48at/uR.D.lcuBqrthq1hk8W7K4in7.yZ.WGvsa,Aarav Verma,,,,True,36,459,2026-09-21 13:42:20.897635+05:30,2026-09-21 13:42:20.897635+05:30
student,2024000042,$2b$12$rH3kg2QmCPPzfG2atl//M.o.24ZLZR1Hh02XO9i8OjdqW/SMK68Zy,Ishita Verma,,,,True,36,460,2026-09-21 13:42:20.897635+05:30,2026-09-21 13:42:20.897635+05:30
student,2024000043,$2b$12$aG8T5nbfZu3xilZTg5P2LOLzcQJ2pVVjumJza9onvPOmON6VdiOYa,Rohan Verma,,,,True,36,461,2026-09-21 13:42:20.897635+05:30,2026-09-21 13:42:20.897635+05:30
student,2024000044,$2b$12$6GzDyqoHvpWRS3iq76VTReaCxTFmy7ijnQqDdx3BXXQGU2iDXnveW,Ananya Verma,,,,True,36,462,2026-09-21 13:42:20.897635+05:30,2026-09-21 13:42:20.897635+05:30
student,2024000045,$2b$12$Vi43SSF/xIIwG88SkQw6XOG18CXwFBhAyNJodtSintoAH0eLQy0/q,Kabir Verma,,,,True,36,463,2026-09-21 13:42:20.897635+05:30,2026-09-21 13:42:20.897635+05:30
student,2024000046,$2b$12$jmdOmXX1WsWOIZBpqlV/wew2NDyNMUAaW.eGM98qYGVvWliOJqM0S,Meera Verma,,,,True,36,464,2026-09-21 13:42:20.897635+05:30,2026-09-21 13:42:20.897635+05:30
student,2024000047,$2b$12$YoP/vCDAgeV5imVilvK5dO7VcnzOz0Xm7MhNTiJ/SvLDzclzVgX7C,Arjun Verma,,,,True,36,465,2026-09-21 13:42:20.897635+05:30,2026-09-21 13:42:20.897635+05:30
student,2024000048,$2b$12$6UWQqjxPA7PcrTdaPJQd1eapvPatcAmYOxSbxFeufO/uRlEsYBawS,Sanya Verma,,,,True,36,466,2026-09-21 13:42:20.897635+05:30,2026-09-21 13:42:20.897635+05:30
student,2024000049,$2b$12$sCD1rPsedZjvdQ8Owvdy7u0W4hIv5MdpbbXewR7Fpg6zhSnVxrbVe,Vivaan Verma,,,,True,36,467,2026-09-21 13:42:20.897635+05:30,2026-09-21 13:42:20.897635+05:30
student,2024000050,$2b$12$rtLWEtI.1ZEYDoAx8oUmc.egUcbYYxWtvbszS/2ucbEMFPVMK2IYW,Diya Verma,,,,True,36,468,2026-09-21 13:42:20.897635+05:30,2026-09-21 13:42:20.897635+05:30
student,2024000051,$2b$12$wY8Q6Jg3JEEgbVyAH4fQTOnRvQrJY89debX6sShJJ1pDaz2YldJJW,Aditya Verma,,,,True,36,469,2026-09-21 13:42:20.897635+05:30,2026-09-21 13:42:20.897635+05:30
student,2024000052,$2b$12$xNAmidd6piQ6u2Nteqp8Ju/1oujOm3Aw/6bL2P0ttjACVD1IAg7hC,Riya Verma,,,,True,36,470,2026-09-21 13:42:20.897635+05:30,2026-09-21 13:42:20.897635+05:30
student,2024000053,$2b$12$o5/xSCmLJe7psmj84P66XuZt79IbEv2ZSiXqKf4v6AJBs1lYUf..S,Kartik Verma,,,,True,36,471,2026-09-21 13:42:20.897635+05:30,2026-09-21 13:42:20.897635+05:30
student,2024000054,$2b$12$XS0Ouzb6yTTYnPuRquNzieKoAJNu4ZCeN.U1nDpmllOuI7xKVHrCq,Nisha Verma,,,,True,36,472,2026-09-21 13:42:20.897635+05:30,2026-09-21 13:42:20.897635+05:30
student,2024000055,$2b$12$n3HtBx/UKbMv4Rlmg9p/K.6yImKw9bLtmYyTyRmdL0JU4.FX6S/rW,Yash Verma,,,,True,36,473,2026-09-21 13:42:20.897635+05:30,2026-09-21 13:42:20.897635+05:30
student,2024000056,$2b$12$MKl5x5Y5ZZ6GehElyjup1uArdM0y0c/de71ilPQ9fwYdluiR80YMq,Priya Verma,,,,True,36,474,2026-09-21 13:42:20.897635+05:30,2026-09-21 13:42:20.897635+05:30
student,2024000057,$2b$12$V2U1Y7MtijT3h5gE1wfztOTlAdMeaWa3ssUr5dC7GhlJ9pQo8kQGG,Harsh Verma,,,,True,36,475,2026-09-21 13:42:20.897635+05:30,2026-09-21 13:42:20.897635+05:30
student,2024000058,$2b$12$I2m./cfgsoapW6436refRekqRBQBFmbNPW.2Vj1eVFmgMEcEficCS,Tanvi Verma,,,,True,36,476,2026-09-21 13:42:20.897635+05:30,2026-09-21 13:42:20.897635+05:30
student,2024000059,$2b$12$3E2dN5nAp.axljhZCKZ/keo.o3D4BcP6.WvyFHKHO39zLJqq3SOxK,Nikhil Verma,,,,True,36,477,2026-09-21 13:42:20.897635+05:30,2026-09-21 13:42:20.897635+05:30
student,2024000060,$2b$12$6XkC2BMOqLUxy.0EorKtPunuEGp7XjuHGquKOdJy51rAMyL.ohK4K,Aisha Verma,,,,True,36,478,2026-09-21 13:42:20.897635+05:30,2026-09-21 13:42:20.897635+05:30
student,2024000061,$2b$12$tP1J002wIbhK5CyS4YzW0uv8LKtD1YSl74WadgCX.YTPLidD/feWK,Manav Verma,,,,True,36,479,2026-09-21 13:42:20.897635+05:30,2026-09-21 13:42:20.897635+05:30
student,2024000062,$2b$12$Hlw0lZF2b5I5MXMMejOnJulF4S9KRZVM62N/SZwdhiF0oCoWjHo6K,Pooja Verma,,,,True,36,480,2026-09-21 13:42:20.897635+05:30,2026-09-21 13:42:20.897635+05:30
student,2024000063,$2b$12$tz2A5G/FPNVrL.xr4elqzOHz2okxjlw.UX4mmq0Sf3zLDSCxnRPJW,Rahul Verma,,,,True,36,481,2026-09-21 13:42:20.897635+05:30,2026-09-21 13:42:20.897635+05:30
student,2024000064,$2b$12$71LKNOoEs1qoX1lwwVW75ekrvxFOlnHSVLuHphys6eje4g6ATgLAm,Sneha Verma,,,,True,36,482,2026-09-21 13:42:20.897635+05:30,2026-09-21 13:42:20.897635+05:30
student,2024000065,$2b$12$r/68ynpvSSh8e2Fn6mhHHeaHt94YoE9PKOxXhUUfN27fHaIz9z0rq,Devansh Verma,,,,True,36,483,2026-09-21 13:42:20.897635+05:30,2026-09-21 13:42:20.897635+05:30
student,2024000066,$2b$12$pQ9.aqfNjLTfeA9fU0vw7OPnWoiailCOhcKdFZ0oYJ6hfCNnr7axu,Kritika Verma,,,,True,36,484,2026-09-21 13:42:20.897635+05:30,2026-09-21 13:42:20.897635+05:30
student,2024000067,$2b$12$ahhdQOjKAl6mI9yE9zb6xeTZNkanyw8UjsivgKkVimdsK136rjxLm,Shaurya Verma,,,,True,36,485,2026-09-21 13:42:20.897635+05:30,2026-09-21 13:42:20.897635+05:30
student,2024000068,$2b$12$YS76YXNRVMkA1p6UqKhVuOyWG6FV2xDigfLj0JagcRC0CPQaB50Fq,Anvi Verma,,,,True,36,486,2026-09-21 13:42:20.897635+05:30,2026-09-21 13:42:20.897635+05:30
student,2024000069,$2b$12$wPZEEX.6.Urllz7xIx.eUeexBI8TBPt1ZqMgIsfKiG3yPUDG.QPlm,Reyansh Verma,,,,True,36,487,2026-09-21 13:42:20.897635+05:30,2026-09-21 13:42:20.897635+05:30
student,2024000070,$2b$12$IoOVU/2flBbitSWJoHaYT.t8ceg0yHwdetKUfsdVoeeYmgpt/B2aq,Myra Verma,,,,True,36,488,2026-09-21 13:42:20.897635+05:30,2026-09-21 13:42:20.897635+05:30
student,2024000071,$2b$12$0SX72Lub7St2CuoNHZSuFOSzYX1uDxakbORt415bhvRiMIBpP4BqC,Atharv Verma,,,,True,36,489,2026-09-21 13:42:20.897635+05:30,2026-09-21 13:42:20.897635+05:30
student,2024000072,$2b$12$K6McizpD1mC7u4uOELTUjuoZYo6PCsCaDGM7cuHW4qRjFYd4mkNja,Saanvi Verma,,,,True,36,490,2026-09-21 13:42:20.897635+05:30,2026-09-21 13:42:20.897635+05:30
student,2024000073,$2b$12$VvmYK3tTL/TzsVRYw./RjeN7S0AGpm3/tcJtVRyMbcgWfjp1DQzFS,Ayaan Verma,,,,True,36,491,2026-09-21 13:42:20.897635+05:30,2026-09-21 13:42:20.897635+05:30
student,2024000074,$2b$12$lSHXkVoyni.SlRkhmijSkeis2FrAdGyz.OeLYpqwik2PoYRfurE3e,Navya Verma,,,,True,36,492,2026-09-21 13:42:20.897635+05:30,2026-09-21 13:42:20.897635+05:30
student,2024000075,$2b$12$A3NLbpmtepV06zjTjI0/0ORmkFzzLXQCrj9zSnu.OR3db4Uv2Y5lK,Krish Verma,,,,True,36,493,2026-09-21 13:42:20.897635+05:30,2026-09-21 13:42:20.897635+05:30
student,2024000076,$2b$12$W0skoHqCUKTROZ1n4MZjNODnMIbOwL70W0OpQBBqguN5XdQqD/MSm,Ira Verma,,,,True,36,494,2026-09-21 13:42:20.897635+05:30,2026-09-21 13:42:20.897635+05:30
student,2024000077,$2b$12$vEvQca029tCPwRvTHBeo/OH.sw8rGZvbRBJzbE/eK6R8cSabMxQFS,Dhruv Verma,,,,True,36,495,2026-09-21 13:42:20.897635+05:30,2026-09-21 13:42:20.897635+05:30
student,2024000078,$2b$12$BTtnHHc8Jyc9kR98ahgWZuQCPk7rpzGIVwfId5LPctHcHxkqDZciy,Aadhya Verma,,,,True,36,496,2026-09-21 13:42:20.897635+05:30,2026-09-21 13:42:20.897635+05:30
student,2024000079,$2b$12$ME75Feg98x2ZJKGtE5ZwWevS66FEhH3UlBa8kQwnR0mzGNiMhgYOO,Om Verma,,,,True,36,497,2026-09-21 13:42:20.897635+05:30,2026-09-21 13:42:20.897635+05:30
student,2024000080,$2b$12$ueDn6ujy51Y6uOppRKJTduArFQV50oG0EUSHvSjdxQjZcRxcflQzO,Kiara Verma,,,,True,36,498,2026-09-21 13:42:20.897635+05:30,2026-09-21 13:42:20.897635+05:30
student,2024000081,$2b$12$3m2xBtwOci0hgKVu4U/jJOqIHny.Zyuwk1mSL2kj2XnvB8ohcWCtu,Aarav Yadav,,,,True,36,499,2026-09-21 13:42:20.897635+05:30,2026-09-21 13:42:20.897635+05:30
student,2024000082,$2b$12$lhIKiRq5EPczvIeyynAg8O8c0guFFeDoVkyJFcdXV/d2q9TicCcsG,Ishita Yadav,,,,True,36,500,2026-09-21 13:42:20.897635+05:30,2026-09-21 13:42:20.897635+05:30
student,2024000083,$2b$12$7oehmxrcVtOrw2HaArjETO6k63kWGf.X1H/l6rKrUejGaS2HFJYLO,Rohan Yadav,,,,True,36,501,2026-09-21 13:42:20.897635+05:30,2026-09-21 13:42:20.897635+05:30
student,2024000084,$2b$12$h/vMDWJE47ygz7UzFvpkh.dfGWhlUNBnFJBii4pGb923QZucZ9hui,Ananya Yadav,,,,True,36,502,2026-09-21 13:42:20.897635+05:30,2026-09-21 13:42:20.897635+05:30
student,2024000085,$2b$12$XVZpMeB6L.OHF9wfYVUuXuwK5x6U6YdmJCHtnRceXq/cdTw41fNNK,Kabir Yadav,,,,True,36,503,2026-09-21 13:42:20.897635+05:30,2026-09-21 13:42:20.897635+05:30
student,2024000086,$2b$12$NjAewCU.WCxt9nTFHScPo.6EV6zQFSEudL/kQ87jnfUN1VlNhDJmq,Meera Yadav,,,,True,36,504,2026-09-21 13:42:20.897635+05:30,2026-09-21 13:42:20.897635+05:30
student,2024000087,$2b$12$JD0NxNbw8tEnPvRtC/.kCevOYECCTC5psuoZDxC6LahmTl3gHLmMC,Arjun Yadav,,,,True,36,505,2026-09-21 13:42:20.897635+05:30,2026-09-21 13:42:20.897635+05:30
student,2024000088,$2b$12$cKIPsUCTRBBGhhIHH32lQ.R6gRAxOzxtfPtWPHqNO1GIdxgnAr5U.,Sanya Yadav,,,,True,36,506,2026-09-21 13:42:20.897635+05:30,2026-09-21 13:42:20.897635+05:30
student,2024000089,$2b$12$XYheSL/9cUq1MKZ/nrD.5uY/8fo8ByIaUu7mGOTgVG76UyKKl/.tO,Vivaan Yadav,,,,True,36,507,2026-09-21 13:42:20.897635+05:30,2026-09-21 13:42:20.897635+05:30
student,2024000090,$2b$12$4inpFxz/v.lrzRKtJOlJNOULypIVFqKONwA/vsPEGCzJMsl9AXL12,Diya Yadav,,,,True,36,508,2026-09-21 13:42:20.897635+05:30,2026-09-21 13:42:20.897635+05:30
student,2024000091,$2b$12$loSUYzTTA0J6S1CXU7JaSOkP34xLkokgvsGbnC8m2pOMSABgacOy6,Aditya Yadav,,,,True,36,509,2026-09-21 13:42:20.897635+05:30,2026-09-21 13:42:20.897635+05:30
student,2024000092,$2b$12$A7zjCjN4jQMgeMIiN3gguOd9oskC4UIp0nrp2QHiUDeJYZpqDZV2W,Riya Yadav,,,,True,36,510,2026-09-21 13:42:20.897635+05:30,2026-09-21 13:42:20.897635+05:30
student,2024000093,$2b$12$MF7.XHIT7UCroGS826v4n.0dgq3Q6rOJOqaCOvdru600XVpg/fhRe,Kartik Yadav,,,,True,36,511,2026-09-21 13:42:20.897635+05:30,2026-09-21 13:42:20.897635+05:30
student,2024000094,$2b$12$t5.mvhXAZJqrxLqdCh/Pbe8BSOMfD9/I2fQiEQbueE75law3kY3rC,Nisha Yadav,,,,True,36,512,2026-09-21 13:42:20.897635+05:30,2026-09-21 13:42:20.897635+05:30
student,2024000095,$2b$12$dgjfhexmZWEb2C0QkoRJGOfKwPbGwyQFX.SQjphoj46O6YaBdHtgS,Yash Yadav,,,,True,36,513,2026-09-21 13:42:20.897635+05:30,2026-09-21 13:42:20.897635+05:30
student,2024000096,$2b$12$zk2qQqwUH3eMPjC904NLa.5lJGiPFe8RnWMkpWrwPplPUpmMoOJ2m,Priya Yadav,,,,True,36,514,2026-09-21 13:42:20.897635+05:30,2026-09-21 13:42:20.897635+05:30
student,2024000097,$2b$12$Pm2Utswf78c8d5Q.v9UxT.ZMqNL03QpljP0FNPuWiw3WAJEh/xndO,Harsh Yadav,,,,True,36,515,2026-09-21 13:42:20.897635+05:30,2026-09-21 13:42:20.897635+05:30
student,2024000098,$2b$12$1fUDfh5jMe2plh9VSzTMSuuEwNoO6SWxDX.89DCCWiCIfdXpiDsqe,Tanvi Yadav,,,,True,36,516,2026-09-21 13:42:20.897635+05:30,2026-09-21 13:42:20.897635+05:30
student,2024000099,$2b$12$wemZvq7at.Fauf4AdY5xwunxkYD3oqRAdfxqA9J5J4VUooYU3vHHG,Nikhil Yadav,,,,True,36,517,2026-09-21 13:42:20.897635+05:30,2026-09-21 13:42:20.897635+05:30
student,2024000100,$2b$12$mONO7WDq7eA/cvQ8G2e0L.etbsklpm5/qTw0J.yyApmoRzGvwTXja,Aisha Yadav,,,,True,36,518,2026-09-21 13:42:20.897635+05:30,2026-09-21 13:42:20.897635+05:30
parent,9876500001,$2b$12$Fk.wqr4TDEGGrBubJ7wipulOb7kmD4W89LrLHI/0h8BJL0glNLiCa,Suresh Sharma,parent001@example.com,9876500001,,True,36,519,2026-09-21 13:42:20.897635+05:30,2026-09-21 13:42:20.897635+05:30
parent,9876500002,$2b$12$S.K5b0Bgn79qs81m10PHRufRcwhIG/Sw20JjqCpn61S8rfzwS63zG,Meenakshi Verma,parent002@example.com,9876500002,,True,36,520,2026-09-21 13:42:20.897635+05:30,2026-09-21 13:42:20.897635+05:30
parent,9876500003,$2b$12$2TYJ1gK3hUCz57Jrm7RwPOAYGLAuXqqqbJ.crWfqrcYcDfSWMuHFm,Ramesh Yadav,parent003@example.com,9876500003,,True,36,521,2026-09-21 13:42:20.897635+05:30,2026-09-21 13:42:20.897635+05:30
parent,9876500004,$2b$12$jhgu3WpPy3m4SarRMnrmmuQ5xRQXGd0/0dFVq6081IMsA29B0AlYK,Kalpana Mishra,parent004@example.com,9876500004,,True,36,522,2026-09-21 13:42:20.897635+05:30,2026-09-21 13:42:20.897635+05:30
parent,9876500005,$2b$12$rowhqIVAqj6IjKESUr2UtOcP5ccYkqM9eH1iDb/YMNJ7Ilz87WsSW,Vinod Singh,parent005@example.com,9876500005,,True,36,523,2026-09-21 13:42:20.897635+05:30,2026-09-21 13:42:20.897635+05:30
parent,9876500006,$2b$12$eJdMlr7jx/D37ESZs9yGpOG.y4FEqjDlOWh9czYRlhTww4OS48xMi,Shalini Gupta,parent006@example.com,9876500006,,True,36,524,2026-09-21 13:42:20.897635+05:30,2026-09-21 13:42:20.897635+05:30
parent,9876500007,$2b$12$fGmzUgvrHXH1pFJQ8oEfLuvY410L.2RwSOaxNYDF/xjtGsG2ac2aS,Dinesh Tiwari,,9876500007,,True,36,525,2026-09-21 13:42:20.897635+05:30,2026-09-21 13:42:20.897635+05:30
parent,9876500008,$2b$12$YaUAMZEHhUEnwwFuDnuSCOhbiWz3UcJ60rIc8nsBK.DYk03v/NDe6,Rekha Pandey,parent008@example.com,9876500008,,True,36,526,2026-09-21 13:42:20.897635+05:30,2026-09-21 13:42:20.897635+05:30
parent,9876500009,$2b$12$7WxpwtBJCdPMg9vrI3R1Ce2OvCALLd0saMOuDvOFhuEgEfEDHli7a,Alok Sharma,parent009@example.com,9876500009,,True,36,527,2026-09-21 13:42:20.897635+05:30,2026-09-21 13:42:20.897635+05:30
parent,9876500010,$2b$12$nwDW30u7eVOtCkaNiIy06eCbV/B36f0dPOCTA7n3WY8y0aPX.qMMi,Sarita Verma,parent010@example.com,9876500010,,True,36,528,2026-09-21 13:42:20.897635+05:30,2026-09-21 13:42:20.897635+05:30
parent,9876500011,$2b$12$0Dbi.9.g9lXKyeOyCvFsQuL8rHO3MgXVEdo796ix9IY2tCHIbLPpm,Mahesh Yadav,parent011@example.com,9876500011,,True,36,529,2026-09-21 13:42:20.897635+05:30,2026-09-21 13:42:20.897635+05:30
parent,9876500012,$2b$12$1hk65I8wP7KREUkhTw.B5u6eAEBnqaP7ET18FJm2JP2UoymzMyQFC,Nirmala Mishra,parent012@example.com,9876500012,,True,36,530,2026-09-21 13:42:20.897635+05:30,2026-09-21 13:42:20.897635+05:30
parent,9876500013,$2b$12$Q5Dyuu6YDpxgF3nkVQsOTuQOmi5TYCv67HsT4uiAoTscifZTIBmVO,Sanjay Singh,parent013@example.com,9876500013,,True,36,531,2026-09-21 13:42:20.897635+05:30,2026-09-21 13:42:20.897635+05:30
parent,9876500014,$2b$12$Tk2tckA/sbIaUZWeHuhq8OfRNNQnI9ZCZy0U3mpDcMJzjragj2FxC,Usha Gupta,,9876500014,,True,36,532,2026-09-21 13:42:20.897635+05:30,2026-09-21 13:42:20.897635+05:30
parent,9876500015,$2b$12$FqsQdQPdC0h.E201n6IS1ujdrTM2LkXdRVaL2RTmVP1beSHN6WFTS,Ajay Tiwari,parent015@example.com,9876500015,,True,36,533,2026-09-21 13:42:20.897635+05:30,2026-09-21 13:42:20.897635+05:30
parent,9876500016,$2b$12$VSODuFBz7OU4.Zi2XO5eGuiSjJvUYqHX4ENT3AgSUNvxv3fF.h/O2,Geeta Pandey,parent016@example.com,9876500016,,True,36,534,2026-09-21 13:42:20.897635+05:30,2026-09-21 13:42:20.897635+05:30
parent,9876500017,$2b$12$1XaKkOGriHXxLBsfx81dBuhtMitbRQHo0vZ8u4dHR4nIpDW9Tvlae,Naresh Sharma,parent017@example.com,9876500017,,True,36,535,2026-09-21 13:42:20.897635+05:30,2026-09-21 13:42:20.897635+05:30
parent,9876500018,$2b$12$lbNVBAFxFUuMwaX4KoPiMu2o1dkhRFkA/uO3C/yDQX0EwAqrbk3IW,Kamla Verma,parent018@example.com,9876500018,,True,36,536,2026-09-21 13:42:20.897635+05:30,2026-09-21 13:42:20.897635+05:30
parent,9876500019,$2b$12$Ia2EJKNB9DLxsVGXKiakjubm3HpJOfwD4m5ABktW5QUNIgIYR7D5S,Rakesh Yadav,parent019@example.com,9876500019,,True,36,537,2026-09-21 13:42:20.897635+05:30,2026-09-21 13:42:20.897635+05:30
parent,9876500020,$2b$12$I9JHfa/B9fcZmp45t7wJxu1Ioi/IG0oDhgJStxzI/r4GJFBaAHXiq,Sudha Mishra,parent020@example.com,9876500020,,True,36,538,2026-09-21 13:42:20.897635+05:30,2026-09-21 13:42:20.897635+05:30
parent,9876500021,$2b$12$pcUx8hcF1v6j1rScvUONVuqr3LLjohnJe9PAY3KF61oX.fP0HLGda,Prakash Singh,,9876500021,,True,36,539,2026-09-21 13:42:20.897635+05:30,2026-09-21 13:42:20.897635+05:30
parent,9876500022,$2b$12$wi3nbN/srjSaRWW6e2ACB.RU56pbpx8OchTG.AY5t3cNx5/M0CweK,Bindu Gupta,parent022@example.com,9876500022,,True,36,540,2026-09-21 13:42:20.897635+05:30,2026-09-21 13:42:20.897635+05:30
parent,9876500023,$2b$12$OHnBxVnnjS5yd1g9Hbljtus5cgnD9nN4y8PrjSusOQaRV92yKD2b6,Suresh Tiwari,parent023@example.com,9876500023,,True,36,541,2026-09-21 13:42:20.897635+05:30,2026-09-21 13:42:20.897635+05:30
parent,9876500024,$2b$12$MGCjvIxIqof0uyXL6aYDseMuJXzBgZq6BG/LX4udIJz2SGZilx6l.,Meenakshi Pandey,parent024@example.com,9876500024,,True,36,542,2026-09-21 13:42:20.897635+05:30,2026-09-21 13:42:20.897635+05:30
parent,9876500025,$2b$12$DKSYrZTPFNEXoL/hsOz0ZuGtTPW21t9vbw6RxfPonY9F1eJZRoNFm,Ramesh Sharma,parent025@example.com,9876500025,,True,36,543,2026-09-21 13:42:20.897635+05:30,2026-09-21 13:42:20.897635+05:30
parent,9876500026,$2b$12$gZJZNltWuByGyj1aqWPirOI5ltAxxxFft2KBIrogZAqT7VPQbu2cq,Kalpana Verma,parent026@example.com,9876500026,,True,36,544,2026-09-21 13:42:20.897635+05:30,2026-09-21 13:42:20.897635+05:30
parent,9876500027,$2b$12$WROET4kjru6Fah5yUJPbeOB..e2pIdtYPNZQYq4Uj8ogmmCj6Jvai,Vinod Yadav,parent027@example.com,9876500027,,True,36,545,2026-09-21 13:42:20.897635+05:30,2026-09-21 13:42:20.897635+05:30
parent,9876500028,$2b$12$oKMu3TCCFA4YgmrHPRpOluvz3HQ7twDX.cVF8k164VrNKxT7pXy0m,Shalini Mishra,,9876500028,,True,36,546,2026-09-21 13:42:20.897635+05:30,2026-09-21 13:42:20.897635+05:30
parent,9876500029,$2b$12$lE.EJzv5mQKkdmovgzTVwOTXJTEj9cizkKiss5wbjsLdxbUfaZ6Vq,Dinesh Singh,parent029@example.com,9876500029,,True,36,547,2026-09-21 13:42:20.897635+05:30,2026-09-21 13:42:20.897635+05:30
parent,9876500030,$2b$12$As.mDOQdky9ibNlkv2Izt.TvzePF3pEAKBHDJJIKdV2wRtY8eC1dS,Rekha Gupta,parent030@example.com,9876500030,,True,36,548,2026-09-21 13:42:20.897635+05:30,2026-09-21 13:42:20.897635+05:30
parent,9876500031,$2b$12$b4wsgJN2lqtPzfhqMmy23.vvMAOixwpOodjCWoRRke55WiDG7YXPm,Alok Tiwari,parent031@example.com,9876500031,,True,36,549,2026-09-21 13:42:20.897635+05:30,2026-09-21 13:42:20.897635+05:30
parent,9876500032,$2b$12$xdZYPlV2.WCmMIlRDPS/UeOXlBt4YuFGg8uw6BbKfmpIeVXYCGdX6,Sarita Pandey,parent032@example.com,9876500032,,True,36,550,2026-09-21 13:42:20.897635+05:30,2026-09-21 13:42:20.897635+05:30
parent,9876500033,$2b$12$i1HZBIXBDy4UjZ/J9WRUKuQw0AS5hzn55./eCrSQl7gfM9S7S8OJ.,Mahesh Sharma,parent033@example.com,9876500033,,True,36,551,2026-09-21 13:42:20.897635+05:30,2026-09-21 13:42:20.897635+05:30
parent,9876500034,$2b$12$/MuM35SEaHRfy37qyLslfOSTebY.VOLnS3tGzFMz3oksnmvI/9QU.,Nirmala Verma,parent034@example.com,9876500034,,True,36,552,2026-09-21 13:42:20.897635+05:30,2026-09-21 13:42:20.897635+05:30
parent,9876500035,$2b$12$nsT9scDJY8QP6cyu5l2JMOlI4cq/V8VvnEEgPJ78OGc3obQMDVr1q,Sanjay Yadav,,9876500035,,True,36,553,2026-09-21 13:42:20.897635+05:30,2026-09-21 13:42:20.897635+05:30
parent,9876500036,$2b$12$Q4xnSYVDfxezxI4FDHMpmO.PtiRVSHzEHLe40vXAcGsR1kk4oKV/2,Usha Mishra,parent036@example.com,9876500036,,True,36,554,2026-09-21 13:42:20.897635+05:30,2026-09-21 13:42:20.897635+05:30
parent,9876500037,$2b$12$zPydRMvGKdVAxrosh82bVevvii.e0JSuyDJ6cmzmrWUllK/S8KRmG,Ajay Singh,parent037@example.com,9876500037,,True,36,555,2026-09-21 13:42:20.897635+05:30,2026-09-21 13:42:20.897635+05:30
parent,9876500038,$2b$12$aK.hcs3oMZ9uGtdR6Q1xc.X1.4D86ps4QnI28y5EC/r1C90GuI5YG,Geeta Gupta,parent038@example.com,9876500038,,True,36,556,2026-09-21 13:42:20.897635+05:30,2026-09-21 13:42:20.897635+05:30
parent,9876500039,$2b$12$mbiiJQUXsOJbZ8Gegtd.9.S4NwAxQRWlo6cp31Fpet0c0aeLjPofq,Naresh Tiwari,parent039@example.com,9876500039,,True,36,557,2026-09-21 13:42:20.897635+05:30,2026-09-21 13:42:20.897635+05:30
parent,9876500040,$2b$12$r7S281cD5ZvlHDzJ79iya.3YXV4Wbj1ekNRZ3OcLuk63gNicZ2zMK,Kamla Pandey,parent040@example.com,9876500040,,True,36,558,2026-09-21 13:42:20.897635+05:30,2026-09-21 13:42:20.897635+05:30
parent,9876500041,$2b$12$mnYKfMmiUSz0sUJSIe2j0.dvCixA1ZW2JwdZzjRVt1kc8d.xouHJO,Rakesh Sharma,parent041@example.com,9876500041,,True,36,559,2026-09-21 13:42:20.897635+05:30,2026-09-21 13:42:20.897635+05:30
parent,9876500042,$2b$12$hfaG3P//TFLykiyA1knvne2qGkWwnQMXTFH.3mM7UvGb4wL0EsirO,Sudha Verma,,9876500042,,True,36,560,2026-09-21 13:42:20.897635+05:30,2026-09-21 13:42:20.897635+05:30
parent,9876500043,$2b$12$BWneqFwCoz5KP1LHZNKpf.ZuPDXjaEtn/b6WHW6w9tOftWbT75.ju,Prakash Yadav,parent043@example.com,9876500043,,True,36,561,2026-09-21 13:42:20.897635+05:30,2026-09-21 13:42:20.897635+05:30
parent,9876500044,$2b$12$/uabHZf0vr2dn1CU9RLOF.YXyVki.T7mbZM1qe4yXeoRq1weRN5lW,Bindu Mishra,parent044@example.com,9876500044,,True,36,562,2026-09-21 13:42:20.897635+05:30,2026-09-21 13:42:20.897635+05:30
parent,9876500045,$2b$12$Ym1m7/JehTYLkOFnhgxUkOJt/7qR3r/0ulVm822xgk/R9AWYOWbXq,Suresh Singh,parent045@example.com,9876500045,,True,36,563,2026-09-21 13:42:20.897635+05:30,2026-09-21 13:42:20.897635+05:30
parent,9876500046,$2b$12$ridRFfHOqcN9szcbmmDIqeWwiwt79Rr4jEk9w78DxPfrmTwlGFpye,Meenakshi Gupta,parent046@example.com,9876500046,,True,36,564,2026-09-21 13:42:20.897635+05:30,2026-09-21 13:42:20.897635+05:30
parent,9876500047,$2b$12$hTiiuy2R1b9mgdemPXxKI.c7w8DkcARZWElJCb8mzXu/FwVAK5ea2,Ramesh Tiwari,parent047@example.com,9876500047,,True,36,565,2026-09-21 13:42:20.897635+05:30,2026-09-21 13:42:20.897635+05:30
parent,9876500048,$2b$12$ZjKuacPkaWYXxzslx/vqNOZ0hosQO.L36ISvD3sLdClItDt9qT7bK,Kalpana Pandey,parent048@example.com,9876500048,,True,36,566,2026-09-21 13:42:20.897635+05:30,2026-09-21 13:42:20.897635+05:30
parent,9876500049,$2b$12$X10Kp27xqErK/2h97sVwsOGf0Y8tdjLZhlXStoPjoCmDyS19uQqe.,Vinod Sharma,,9876500049,,True,36,567,2026-09-21 13:42:20.897635+05:30,2026-09-21 13:42:20.897635+05:30
parent,9876500050,$2b$12$u6dDmxCTEpVsrfOTD/PGo.SkcSGCh0mQgdPCngLkVSheS7qZsGKUm,Shalini Verma,parent050@example.com,9876500050,,True,36,568,2026-09-21 13:42:20.897635+05:30,2026-09-21 13:42:20.897635+05:30
parent,9876500051,$2b$12$WhKg3ClRoQx1DokQjLDUeeHjV3viU1jylxzgJ1iD5FdFhk39IvD2i,Dinesh Yadav,parent051@example.com,9876500051,,True,36,569,2026-09-21 13:42:20.897635+05:30,2026-09-21 13:42:20.897635+05:30
parent,9876500052,$2b$12$ajFxkpwOir1iLkhUKBgAfu54LipCtYeTxOs645jXKvtR.g4586l5.,Rekha Mishra,parent052@example.com,9876500052,,True,36,570,2026-09-21 13:42:20.897635+05:30,2026-09-21 13:42:20.897635+05:30
parent,9876500053,$2b$12$EF2oTWOaF1/tsDV7dGzUHOPBWj5ttZf6G7Q/fiM.OQCLQnt9pgriC,Alok Singh,parent053@example.com,9876500053,,True,36,571,2026-09-21 13:42:20.897635+05:30,2026-09-21 13:42:20.897635+05:30
parent,9876500054,$2b$12$O556UfFS3QTqgIoucv4Lz.AYU6WyVA/zkd3peFv5vlbIYklS.pT2O,Sarita Gupta,parent054@example.com,9876500054,,True,36,572,2026-09-21 13:42:20.897635+05:30,2026-09-21 13:42:20.897635+05:30
parent,9876500055,$2b$12$JnwuEs8V/sPsPlZy6ZJxYOe2hRmF3tAx1Gnda0Qd4cG5EWotdZnpK,Mahesh Tiwari,parent055@example.com,9876500055,,True,36,573,2026-09-21 13:42:20.897635+05:30,2026-09-21 13:42:20.897635+05:30
parent,9876500056,$2b$12$K7Kh8gJwEdeDs2sKwkXMYuHnaODJ/hZ0dNvfD44XG3lb7lzomalVS,Nirmala Pandey,,9876500056,,True,36,574,2026-09-21 13:42:20.897635+05:30,2026-09-21 13:42:20.897635+05:30
parent,9876500057,$2b$12$eW9qDcUAWHri5y8N6g2.NecUYOrcW1lWd/s8vt9z0qGN.jqtI/TWy,Sanjay Sharma,parent057@example.com,9876500057,,True,36,575,2026-09-21 13:42:20.897635+05:30,2026-09-21 13:42:20.897635+05:30
parent,9876500058,$2b$12$4en56dt1L8XO.r8lRCD80OKj9JHic5AqOYfrJo0T42aXsGV8r24kS,Usha Verma,parent058@example.com,9876500058,,True,36,576,2026-09-21 13:42:20.897635+05:30,2026-09-21 13:42:20.897635+05:30
parent,9876500059,$2b$12$auedsScx4u.0rU4kneAmfu8.f1BTSLYm2IWVmkl8ipaUh6IS9RY1i,Ajay Yadav,parent059@example.com,9876500059,,True,36,577,2026-09-21 13:42:20.897635+05:30,2026-09-21 13:42:20.897635+05:30
parent,9876500060,$2b$12$ziyT6.p3Xi.ID4olqY4B7uhuB8zdJ/u6XnoLrH84caVMZodr8hYai,Geeta Mishra,parent060@example.com,9876500060,,True,36,578,2026-09-21 13:42:20.897635+05:30,2026-09-21 13:42:20.897635+05:30
parent,9876500061,$2b$12$0tyN0yTjmM2JnW8zDxA3/eHgl5hX14cMhjPlEJCkNyvb0ZpKXyx5O,Naresh Singh,parent061@example.com,9876500061,,True,36,579,2026-09-21 13:42:20.897635+05:30,2026-09-21 13:42:20.897635+05:30
parent,9876500062,$2b$12$6Z5wl38g1JR/PNtPOK4MuOo4yfhkBfYXu0KlJWV13nAPZWOrL37qq,Kamla Gupta,parent062@example.com,9876500062,,True,36,580,2026-09-21 13:42:20.897635+05:30,2026-09-21 13:42:20.897635+05:30
parent,9876500063,$2b$12$vkXaeQ2LPgwA9/HoBGd4juHjDNZjJCADj6.8lc1vQiG7.hy8YZx.K,Rakesh Tiwari,,9876500063,,True,36,581,2026-09-21 13:42:20.897635+05:30,2026-09-21 13:42:20.897635+05:30
parent,9876500064,$2b$12$pDaI8E2IHuapqMxRD4ENB.DdL/zyEWbWXeQ9NdUmI0hmwQ0i.SzVG,Sudha Pandey,parent064@example.com,9876500064,,True,36,582,2026-09-21 13:42:20.897635+05:30,2026-09-21 13:42:20.897635+05:30
parent,9876500065,$2b$12$g65XryN4jX49p62sPTkybuChKV8/1m4mUEO7yv98JLEs5tkqZjqbe,Prakash Sharma,parent065@example.com,9876500065,,True,36,583,2026-09-21 13:42:20.897635+05:30,2026-09-21 13:42:20.897635+05:30
parent,9876500066,$2b$12$mPOKTub22c46qrAePDBoiOy4C1zqj9n6ViBlap4EDz7bYQqGAfb1S,Bindu Verma,parent066@example.com,9876500066,,True,36,584,2026-09-21 13:42:20.897635+05:30,2026-09-21 13:42:20.897635+05:30
parent,9876500067,$2b$12$65bHY9LkjmxbXBoHP2dSY.ZzaEO2XIFP56Q/1YfeScqYSTIBwX6Jq,Suresh Yadav,parent067@example.com,9876500067,,True,36,585,2026-09-21 13:42:20.897635+05:30,2026-09-21 13:42:20.897635+05:30
parent,9876500068,$2b$12$1ydDRIakQHABJgENh5WsaerUJ0nMZaY9Np8mbsIOJqlSpNFXlmv62,Meenakshi Mishra,parent068@example.com,9876500068,,True,36,586,2026-09-21 13:42:20.897635+05:30,2026-09-21 13:42:20.897635+05:30
parent,9876500069,$2b$12$F8gLEZ2KfP7UagzW7gpl8.WzBbZUuQfJ4tKc/xFFAKgaq1UuV1Hv.,Ramesh Singh,parent069@example.com,9876500069,,True,36,587,2026-09-21 13:42:20.897635+05:30,2026-09-21 13:42:20.897635+05:30
parent,9876500070,$2b$12$J9KzDhpRC5ncC/aSOl/No.viZ0hCgpHzbFrYV3SKk32GPzJpux5oe,Kalpana Gupta,,9876500070,,True,36,588,2026-09-21 13:42:20.897635+05:30,2026-09-21 13:42:20.897635+05:30
parent,9876500071,$2b$12$MJBcs1TqMaDFyWOaQ/3/F.LHct91iJDXvIGQ4TDcBGSKlawO.DjPe,Vinod Tiwari,parent071@example.com,9876500071,,True,36,589,2026-09-21 13:42:20.897635+05:30,2026-09-21 13:42:20.897635+05:30
parent,9876500072,$2b$12$/T5BMRGczkBmwELY.yIFue72T2cNibV6UpUC.oA.C9mIVKivC/Prm,Shalini Pandey,parent072@example.com,9876500072,,True,36,590,2026-09-21 13:42:20.897635+05:30,2026-09-21 13:42:20.897635+05:30
parent,9876500073,$2b$12$MviuQ5V.Snh4sKUy33uBZe5XYUMthHe4u3fbgzsi7a4Wj0goM4v5y,Dinesh Sharma,parent073@example.com,9876500073,,True,36,591,2026-09-21 13:42:20.897635+05:30,2026-09-21 13:42:20.897635+05:30
parent,9876500074,$2b$12$VQ7XmdLl3.nZlhFYu41f/eg7D7sSWvWcDo/wEPqUyG.8pXLfyr95K,Rekha Verma,parent074@example.com,9876500074,,True,36,592,2026-09-21 13:42:20.897635+05:30,2026-09-21 13:42:20.897635+05:30
parent,9876500075,$2b$12$MG8ueo011I4YiYyIxlUQ.enhBNta1EUXhj6CGhgo/oxK/zF6GLAlS,Alok Yadav,parent075@example.com,9876500075,,True,36,593,2026-09-21 13:42:20.897635+05:30,2026-09-21 13:42:20.897635+05:30
parent,9876500076,$2b$12$TGG/uakgJ2xZUULhA8FN3eYypZffo704MHgdgtXTkMlzOv33dqsR2,Sarita Mishra,parent076@example.com,9876500076,,True,36,594,2026-09-21 13:42:20.897635+05:30,2026-09-21 13:42:20.897635+05:30
parent,9876500077,$2b$12$gRMDaXiNCNVd0g3M8jVpd.qPm6.3FiR5xk8exIAJIwXVmTWCzFgku,Mahesh Singh,,9876500077,,True,36,595,2026-09-21 13:42:20.897635+05:30,2026-09-21 13:42:20.897635+05:30
parent,9876500078,$2b$12$wCVVvmzpSjmqVOrifpAcV.oZWVbOmCxtdbE6b.FMHhas2kViTZo/i,Nirmala Gupta,parent078@example.com,9876500078,,True,36,596,2026-09-21 13:42:20.897635+05:30,2026-09-21 13:42:20.897635+05:30
parent,9876500079,$2b$12$RR8r/SfzTnsqnrbBivfazOEyBqUfMwHHdSvrMaWmh167dsgbwjVLK,Sanjay Tiwari,parent079@example.com,9876500079,,True,36,597,2026-09-21 13:42:20.897635+05:30,2026-09-21 13:42:20.897635+05:30
parent,9876500080,$2b$12$f3fzZTiQC/sHppqdoyhJx.9UTClnNgVyBoTcKpVF.FXF2yWDoT/lC,Usha Pandey,parent080@example.com,9876500080,,True,36,598,2026-09-21 13:42:20.897635+05:30,2026-09-21 13:42:20.897635+05:30
parent,9876500081,$2b$12$1bt5jtuEWXwjHBhowLCZWOBrDj46mibqpyiwahTLpqqFBIdLBJN3q,Ajay Sharma,parent081@example.com,9876500081,,True,36,599,2026-09-21 13:42:20.897635+05:30,2026-09-21 13:42:20.897635+05:30
parent,9876500082,$2b$12$OhM9jDFOvvfvmk.ohBFCzeUYm7oYlbZhH5PS1iTtGCzBBBytFjn0q,Geeta Verma,parent082@example.com,9876500082,,True,36,600,2026-09-21 13:42:20.897635+05:30,2026-09-21 13:42:20.897635+05:30
parent,9876500083,$2b$12$fE9VBVNs2RH2QbRnfydwreX1XKuIlT9LS1UszZV91XvL/C24Q1EQ2,Naresh Yadav,parent083@example.com,9876500083,,True,36,601,2026-09-21 13:42:20.897635+05:30,2026-09-21 13:42:20.897635+05:30
parent,9876500084,$2b$12$bWxABpvBcULSyW5rKVuRSepCxN87zNyTwS.KLR/JKgV97Ny/XZyy.,Kamla Mishra,,9876500084,,True,36,602,2026-09-21 13:42:20.897635+05:30,2026-09-21 13:42:20.897635+05:30
parent,9876500085,$2b$12$eq2QWwQXrvpnTMN7fmTIROW0McOavNF69swZ4kYs1F4Zsq/KqKZJu,Rakesh Singh,parent085@example.com,9876500085,,True,36,603,2026-09-21 13:42:20.897635+05:30,2026-09-21 13:42:20.897635+05:30
parent,9876500086,$2b$12$UOyQpWDUNb20K2VMC3lpoe.g28Wt3kPk2X9ebM0AWpDigxf9cpVvW,Sudha Gupta,parent086@example.com,9876500086,,True,36,604,2026-09-21 13:42:20.897635+05:30,2026-09-21 13:42:20.897635+05:30
parent,9876500087,$2b$12$6lK8fw24nt58snsJmo3gIO1B9ksBxWs9ntaWSpa7862PbiUyOZNme,Prakash Tiwari,parent087@example.com,9876500087,,True,36,605,2026-09-21 13:42:20.897635+05:30,2026-09-21 13:42:20.897635+05:30
parent,9876500088,$2b$12$SSaVzS8k8uPSpbF9Gtv57ei9BSNu/QIifJDFgl9Rqa/TRf8Z58Ori,Bindu Pandey,parent088@example.com,9876500088,,True,36,606,2026-09-21 13:42:20.897635+05:30,2026-09-21 13:42:20.897635+05:30
parent,9876500089,$2b$12$cgUrvEmpLu4RA.YgEeHT..V6TGynNohdiqmmZNwnwdqRYa36evJ6W,Suresh Sharma,parent089@example.com,9876500089,,True,36,607,2026-09-21 13:42:20.897635+05:30,2026-09-21 13:42:20.897635+05:30
parent,9876500090,$2b$12$MhJODT9IHWBii2M4fsp5PuIbImi5N4XYvuBKgaXNhCthINgAuWgzu,Meenakshi Verma,parent090@example.com,9876500090,,True,36,608,2026-09-21 13:42:20.897635+05:30,2026-09-21 13:42:20.897635+05:30
parent,9876500091,$2b$12$/OJ6aUSB8EgecMDq8HX3Y.4TO7V6zVnBlmThILOPRKTVuYOIe9jya,Ramesh Yadav,,9876500091,,True,36,609,2026-09-21 13:42:20.897635+05:30,2026-09-21 13:42:20.897635+05:30
parent,9876500092,$2b$12$5hhzY56IIQkSii92qG28ZOASHf00WnRWowDtqOYtAgOifmoQrAvxC,Kalpana Mishra,parent092@example.com,9876500092,,True,36,610,2026-09-21 13:42:20.897635+05:30,2026-09-21 13:42:20.897635+05:30
parent,9876500093,$2b$12$EcuHtVtw3jlSWngliKYtteqw5E6mg/ai9UK6tMQ4wXg8siyr2xdk6,Vinod Singh,parent093@example.com,9876500093,,True,36,611,2026-09-21 13:42:20.897635+05:30,2026-09-21 13:42:20.897635+05:30
parent,9876500094,$2b$12$8a2DQy2NwL7..t8Bg2esAelrSIbGSqPkhNi1IPVHu0u5KI0NF5J2.,Shalini Gupta,parent094@example.com,9876500094,,True,36,612,2026-09-21 13:42:20.897635+05:30,2026-09-21 13:42:20.897635+05:30
parent,9876500095,$2b$12$ZVJ3aDNiCsTa8rzQrXJisORsfBxb6z8mW0gGTpywV1luWcTDUYu0K,Dinesh Tiwari,parent095@example.com,9876500095,,True,36,613,2026-09-21 13:42:20.897635+05:30,2026-09-21 13:42:20.897635+05:30
parent,9876500096,$2b$12$f0YQSuZsjkxZfpv.8jlGNumZA8C.SsqC2SJxnsxrG5Mgdf9nwxS2S,Rekha Pandey,parent096@example.com,9876500096,,True,36,614,2026-09-21 13:42:20.897635+05:30,2026-09-21 13:42:20.897635+05:30
parent,9876500097,$2b$12$ZSjwYyf5BdhMcGnxuRDgwuEu/vLyhIJ8dHRORd5OL76gtyghPPF2O,Alok Sharma,parent097@example.com,9876500097,,True,36,615,2026-09-21 13:42:20.897635+05:30,2026-09-21 13:42:20.897635+05:30
parent,9876500098,$2b$12$4s6R0p/QPE6HqTSfw2IR6.xVOnDpvH/CQaC.2lhmqAkkRbwdAcoT6,Sarita Verma,,9876500098,,True,36,616,2026-09-21 13:42:20.897635+05:30,2026-09-21 13:42:20.897635+05:30
admin,TRM001,$2b$12$Jc82CMV2vMRwGjqjcVotOu0P0U2.5rrxVOiKpswGhj1qQPWxQC4RK,Rakesh Chandra Dubey,trm001@sunrisepublic.edu,9876540000,,True,36,617,2026-09-21 13:42:20.897635+05:30,2026-09-21 13:42:20.897635+05:30
admin,DRV001,$2b$12$JDvE9NknOG4aS70VLOGqDurHwvjMGL5l3o5p2TGjlfrCsApRrSDAO,Suresh Kumar Yadav,drv001@sunrisepublic.edu,9876540001,,False,36,618,2026-09-21 13:42:20.897635+05:30,2026-09-21 13:42:20.897635+05:30
admin,DRV002,$2b$12$WeV.nqJjr.uDGCKhUupScecakXtnqDJCearv9dGVCHUD5p6V1Ae2i,Ram Naresh Verma,drv002@sunrisepublic.edu,9876540002,,False,36,619,2026-09-21 13:42:20.897635+05:30,2026-09-21 13:42:20.897635+05:30
admin,ATT001,$2b$12$VL5BcPTLf1RhlBzqlpmLqep/eJvxjkMqvRdonyxvBfei46sP7X8E6,Sunita Devi,att001@sunrisepublic.edu,9876540003,,False,36,620,2026-09-21 13:42:20.897635+05:30,2026-09-21 13:42:20.897635+05:30
student,2025000001,$2b$12$C.xsRJm4I4Wy.iNsQGWsEun0DBnudJH6i9u89tTKXvMQ58IzbPrHm,Ananya Verma,,,,True,36,621,2026-09-21 13:44:34.591936+05:30,2026-09-21 13:44:34.591936+05:30
parent,9839011223,$2b$12$q5JGsxx2tcuxIG6Cu5ku8ugyKFc5nYaCZ0vQKJnWmlDW2hMaOaYWm,Dr. Amit Verma,dr.amit.verma@example.com,9839011223,,True,36,622,2026-09-21 13:44:34.591936+05:30,2026-09-21 13:44:34.591936+05:30
parent,9839011224,$2b$12$5aFJA5oao/xUNpRh/TnpXupIo7pEc0zVBqmiDpw5ORpshRWHCbrpq,Dr. Ritu Verma,ritu.verma@example.com,9839011224,,True,36,623,2026-09-21 13:44:34.591936+05:30,2026-09-21 13:44:34.591936+05:30
